Workbook
Name Срез_Груз: #N/A
Name Срез_Примечание: #N/A
Name Срез_Событие: #N/A

Sheet 1 Въезд на базу
A1: День нед | B1: Дата | C1: Время | D1: Событие | E1: Объект | F1: Груз | G1: Кол-во | H1: Примечание | I1: Name | J1: Folder Path | K1: RelativePath | L1: Подпись | M1: Ссылка на фото | N1: Камера
A2: пт | B2: 46171 | C2: 0.39275463 | D2: Въезд на базу | E2: Легковая темная | F2: доски | H2: на крыше | I2: GA3948333_4_20260529T092534Z.jpg | J2: C:\ВИДЕОНАБЛЮДЕНИЕ\1 Въезд на базу\ | K2: 1 Въезд на базу\GA3948333_4_20260529T092534Z.jpg | L2: пт 29.05.2026 — 09:25:34 | M2: =HYPERLINK(склад2въезд[[#This Row],[RelativePath]]) -> 1 Въезд на базу\GA3948333_4_20260529T092534Z.jpg | N2: =VLOOKUP(склад2въезд[[#This Row],[Name]], СпрСобытий!$F:$G, 2, FALSE) -> Въезд на базу
A3: сб | B3: 46172 | C3: 0.41222222 | D3: Въезд на базу | E3: Легковая серая | I3: GA3948333_4_20260530T095336Z.jpg | J3: C:\ВИДЕОНАБЛЮДЕНИЕ\1 Въезд на базу\ | K3: 1 Въезд на базу\GA3948333_4_20260530T095336Z.jpg | L3: сб 30.05.2026 — 09:53:36 | M3: =HYPERLINK(склад2въезд[[#This Row],[RelativePath]]) -> 1 Въезд на базу\GA3948333_4_20260530T095336Z.jpg | N3: =VLOOKUP(склад2въезд[[#This Row],[Name]], СпрСобытий!$F:$G, 2, FALSE) -> Въезд на базу
A4: сб | B4: 46172 | C4: 0.41385417 | D4: Выезд с территории | E4: Легковая серая | I4: GA3948333_4_20260530T095557Z.jpg | J4: C:\ВИДЕОНАБЛЮДЕНИЕ\1 Въезд на базу\ | K4: 1 Въезд на базу\GA3948333_4_20260530T095557Z.jpg | L4: сб 30.05.2026 — 09:55:57 | M4: =HYPERLINK(склад2въезд[[#This Row],[RelativePath]]) -> 1 Въезд на базу\GA3948333_4_20260530T095557Z.jpg | N4: =VLOOKUP(склад2въезд[[#This Row],[Name]], СпрСобытий!$F:$G, 2, FALSE) -> Въезд на базу
A5: вс | B5: 46173 | C5: 0.85645833 | D5: без событий | E5: Территория | I5: GA3948333_4_20260531T203318Z.jpg | J5: C:\ВИДЕОНАБЛЮДЕНИЕ\1 Въезд на базу\ | K5: 1 Въезд на базу\GA3948333_4_20260531T203318Z.jpg | L5: вс 31.05.2026 — 20:33:18 | M5: =HYPERLINK(склад2въезд[[#This Row],[RelativePath]]) -> 1 Въезд на базу\GA3948333_4_20260531T203318Z.jpg | N5: =VLOOKUP(склад2въезд[[#This Row],[Name]], СпрСобытий!$F:$G, 2, FALSE) -> Въезд на базу
A6: пн | B6: 46174 | C6: 0.29431713 | D6: Въезд на базу | E6: Рено логан серый, с прицепом | F6: порожний | I6: GA3948333_4_20260601T070349Z.jpg | J6: C:\ВИДЕОНАБЛЮДЕНИЕ\1 Въезд на базу\ | K6: 1 Въезд на базу\GA3948333_4_20260601T070349Z.jpg | L6: пн 01.06.2026 — 07:03:49 | M6: =HYPERLINK(склад2въезд[[#This Row],[RelativePath]]) -> 1 Въезд на базу\GA3948333_4_20260601T070349Z.jpg | N6: =VLOOKUP(склад2въезд[[#This Row],[Name]], СпрСобытий!$F:$G, 2, FALSE) -> Въезд на базу
A7: пн | B7: 46174 | C7: 0.54909722 | D7: Выезд с территории | E7: Газель белая, фургон | I7: GA3948333_4_20260601T131042Z.jpg | J7: C:\ВИДЕОНАБЛЮДЕНИЕ\1 Въезд на базу\ | K7: 1 Въезд на базу\GA3948333_4_20260601T131042Z.jpg | L7: пн 01.06.2026 — 13:10:42 | M7: =HYPERLINK(склад2въезд[[#This Row],[RelativePath]]) -> 1 Въезд на базу\GA3948333_4_20260601T131042Z.jpg | N7: =VLOOKUP(склад2въезд[[#This Row],[Name]], СпрСобытий!$F:$G, 2, FALSE) -> Въезд на базу
A8: пн | B8: 46174 | C8: 0.7666088 | D8: Въезд на базу | E8: Рено дастер серый, с прицепом | F8: порожний | I8: GA3948333_4_20260601T182355Z.jpg | J8: C:\ВИДЕОНАБЛЮДЕНИЕ\1 Въезд на базу\ | K8: 1 Въезд на базу\GA3948333_4_20260601T182355Z.jpg | L8: пн 01.06.2026 — 18:23:55 | M8: =HYPERLINK(склад2въезд[[#This Row],[RelativePath]]) -> 1 Въезд на базу\GA3948333_4_20260601T182355Z.jpg | N8: =VLOOKUP(склад2въезд[[#This Row],[Name]], СпрСобытий!$F:$G, 2, FALSE) -> Въезд на базу
A9: пн | B9: 46174 | C9: 0.82680556 | D9: Въезд на базу | E9: Камаз базы | F9: порожний | I9: GA3948333_4_20260601T195036Z.jpg | J9: C:\ВИДЕОНАБЛЮДЕНИЕ\1 Въезд на базу\ | K9: 1 Въезд на базу\GA3948333_4_20260601T195036Z.jpg | L9: пн 01.06.2026 — 19:50:36 | M9: =HYPERLINK(склад2въезд[[#This Row],[RelativePath]]) -> 1 Въезд на базу\GA3948333_4_20260601T195036Z.jpg | N9: =VLOOKUP(склад2въезд[[#This Row],[Name]], СпрСобытий!$F:$G, 2, FALSE) -> Въезд на базу
A10: пн | B10: 46174 | C10: 0.8283912 | D10: Выезд с территории | E10: Рено дастер серый | I10: GA3948333_4_20260601T195253Z.jpg | J10: C:\ВИДЕОНАБЛЮДЕНИЕ\1 Въезд на базу\ | K10: 1 Въезд на базу\GA3948333_4_20260601T195253Z.jpg | L10: пн 01.06.2026 — 19:52:53 | M10: =HYPERLINK(склад2въезд[[#This Row],[RelativePath]]) -> 1 Въезд на базу\GA3948333_4_20260601T195253Z.jpg | N10: =VLOOKUP(склад2въезд[[#This Row],[Name]], СпрСобытий!$F:$G, 2, FALSE) -> Въезд на базу
A11: пн | B11: 46174 | C11: 0.95895833 | D11: Въезд на базу | E11: Камаз базы | I11: GA3948333_4_20260601T230054Z.jpg | J11: C:\ВИДЕОНАБЛЮДЕНИЕ\1 Въезд на базу\ | K11: 1 Въезд на базу\GA3948333_4_20260601T230054Z.jpg | L11: пн 01.06.2026 — 23:00:54 | M11: =HYPERLINK(склад2въезд[[#This Row],[RelativePath]]) -> 1 Въезд на базу\GA3948333_4_20260601T230054Z.jpg | N11: =VLOOKUP(склад2въезд[[#This Row],[Name]], СпрСобытий!$F:$G, 2, FALSE) -> Въезд на базу
A12: вт | B12: 46175 | C12: 0.41518519 | D12: Въезд на базу | E12: Газель базы | I12: GA3948333_4_20260602T095752Z.jpg | J12: C:\ВИДЕОНАБЛЮДЕНИЕ\1 Въезд на базу\ | K12: 1 Въезд на базу\GA3948333_4_20260602T095752Z.jpg | L12: вт 02.06.2026 — 09:57:52 | M12: =HYPERLINK(склад2въезд[[#This Row],[RelativePath]]) -> 1 Въезд на базу\GA3948333_4_20260602T095752Z.jpg | N12: =VLOOKUP(склад2въезд[[#This Row],[Name]], СпрСобытий!$F:$G, 2, FALSE) -> Въезд на базу
A13: вт | B13: 46175 | C13: 0.43984954 | D13: Выезд с территории | E13: Газель базы | I13: GA3948333_4_20260602T103323Z.jpg | J13: C:\ВИДЕОНАБЛЮДЕНИЕ\1 Въезд на базу\ | K13: 1 Въезд на базу\GA3948333_4_20260602T103323Z.jpg | L13: вт 02.06.2026 — 10:33:23 | M13: =HYPERLINK(склад2въезд[[#This Row],[RelativePath]]) -> 1 Въезд на базу\GA3948333_4_20260602T103323Z.jpg | N13: =VLOOKUP(склад2въезд[[#This Row],[Name]], СпрСобытий!$F:$G, 2, FALSE) -> Въезд на базу
A14: вт | B14: 46175 | C14: 0.63920139 | D14: Выезд с территории | E14: Газель базы | I14: GA3948333_4_20260602T152027Z.jpg | J14: C:\ВИДЕОНАБЛЮДЕНИЕ\1 Въезд на базу\ | K14: 1 Въезд на базу\GA3948333_4_20260602T152027Z.jpg | L14: вт 02.06.2026 — 15:20:27 | M14: =HYPERLINK(склад2въезд[[#This Row],[RelativePath]]) -> 1 Въезд на базу\GA3948333_4_20260602T152027Z.jpg | N14: =VLOOKUP(склад2въезд[[#This Row],[Name]], СпрСобытий!$F:$G, 2, FALSE) -> Въезд на базу
A15: ср | B15: 46176 | C15: 0.66898148 | D15: Выезд со второстепенной дороги | E15: Рено логан серый, с прицепом | F15: мешок с опилками | G15: 1 | I15: GA3948333_4_20260603T160320Z.jpg | J15: C:\ВИДЕОНАБЛЮДЕНИЕ\1 Въезд на базу\ | K15: 1 Въезд на базу\GA3948333_4_20260603T160320Z.jpg | L15: ср 03.06.2026 — 16:03:20 | M15: =HYPERLINK(склад2въезд[[#This Row],[RelativePath]]) -> 1 Въезд на базу\GA3948333_4_20260603T160320Z.jpg | N15: =VLOOKUP(склад2въезд[[#This Row],[Name]], СпрСобытий!$F:$G, 2, FALSE) -> Въезд на базу
A16: ср | B16: 46176 | C16: 0.7487963 | D16: Выезд с территории | E16: Камаз базы | F16: порожний | I16: GA3948333_4_20260603T175816Z.jpg | J16: C:\ВИДЕОНАБЛЮДЕНИЕ\1 Въезд на базу\ | K16: 1 Въезд на базу\GA3948333_4_20260603T175816Z.jpg | L16: ср 03.06.2026 — 17:58:16 | M16: =HYPERLINK(склад2въезд[[#This Row],[RelativePath]]) -> 1 Въезд на базу\GA3948333_4_20260603T175816Z.jpg | N16: =VLOOKUP(склад2въезд[[#This Row],[Name]], СпрСобытий!$F:$G, 2, FALSE) -> Въезд на базу
A17: ср | B17: 46176 | C17: 0.83607639 | D17: Въезд на базу | E17: Камаз базы | F17: порожний | I17: GA3948333_4_20260603T200357Z.jpg | J17: C:\ВИДЕОНАБЛЮДЕНИЕ\1 Въезд на базу\ | K17: 1 Въезд на базу\GA3948333_4_20260603T200357Z.jpg | L17: ср 03.06.2026 — 20:03:57 | M17: =HYPERLINK(склад2въезд[[#This Row],[RelativePath]]) -> 1 Въезд на базу\GA3948333_4_20260603T200357Z.jpg | N17: =VLOOKUP(склад2въезд[[#This Row],[Name]], СпрСобытий!$F:$G, 2, FALSE) -> Въезд на базу
A18: чт | B18: 46177 | C18: 0.79237269 | D18: Выезд с территории | E18: Легковая темная | F18: доски | H18: на крыше | I18: GA3948333_4_20260604T190101Z.jpg | J18: C:\ВИДЕОНАБЛЮДЕНИЕ\1 Въезд на базу\ | K18: 1 Въезд на базу\GA3948333_4_20260604T190101Z.jpg | L18: чт 04.06.2026 — 19:01:01 | M18: =HYPERLINK(склад2въезд[[#This Row],[RelativePath]]) -> 1 Въезд на базу\GA3948333_4_20260604T190101Z.jpg | N18: =VLOOKUP(склад2въезд[[#This Row],[Name]], СпрСобытий!$F:$G, 2, FALSE) -> Въезд на базу
A19: пт | B19: 46178 | C19: 0.37186343 | D19: Выезд с территории | E19: Камаз базы | F19: порожний | I19: GA3948333_4_20260605T085529Z.jpg | J19: C:\ВИДЕОНАБЛЮДЕНИЕ\1 Въезд на базу\ | K19: 1 Въезд на базу\GA3948333_4_20260605T085529Z.jpg | L19: пт 05.06.2026 — 08:55:29 | M19: =HYPERLINK(склад2въезд[[#This Row],[RelativePath]]) -> 1 Въезд на базу\GA3948333_4_20260605T085529Z.jpg | N19: =VLOOKUP(склад2въезд[[#This Row],[Name]], СпрСобытий!$F:$G, 2, FALSE) -> Въезд на базу
A20: пт | B20: 46178 | C20: 0.5215162 | D20: Въезд на базу | E20: Камаз базы | F20: порожний | I20: GA3948333_4_20260605T123059Z.jpg | J20: C:\ВИДЕОНАБЛЮДЕНИЕ\1 Въезд на базу\ | K20: 1 Въезд на базу\GA3948333_4_20260605T123059Z.jpg | L20: пт 05.06.2026 — 12:30:59 | M20: =HYPERLINK(склад2въезд[[#This Row],[RelativePath]]) -> 1 Въезд на базу\GA3948333_4_20260605T123059Z.jpg | N20: =VLOOKUP(склад2въезд[[#This Row],[Name]], СпрСобытий!$F:$G, 2, FALSE) -> Въезд на базу
A21: пт | B21: 46178 | C21: 0.52365741 | D21: Выезд с территории | E21: Рено логан серый, с прицепом | F21: дрова под тентом | I21: GA3948333_4_20260605T123404Z.jpg | J21: C:\ВИДЕОНАБЛЮДЕНИЕ\1 Въезд на базу\ | K21: 1 Въезд на базу\GA3948333_4_20260605T123404Z.jpg | L21: пт 05.06.2026 — 12:34:04 | M21: =HYPERLINK(склад2въезд[[#This Row],[RelativePath]]) -> 1 Въезд на базу\GA3948333_4_20260605T123404Z.jpg | N21: =VLOOKUP(склад2въезд[[#This Row],[Name]], СпрСобытий!$F:$G, 2, FALSE) -> Въезд на базу
A22: сб | B22: 46179 | C22: 0.21333333 | D22: Въезд на второстепенную дорогу | E22: Нива, с прицепом | F22: порожний | I22: GA3948333_4_20260606T050712Z.jpg | J22: C:\ВИДЕОНАБЛЮДЕНИЕ\1 Въезд на базу\ | K22: 1 Въезд на базу\GA3948333_4_20260606T050712Z.jpg | L22: сб 06.06.2026 — 05:07:12 | M22: =HYPERLINK(склад2въезд[[#This Row],[RelativePath]]) -> 1 Въезд на базу\GA3948333_4_20260606T050712Z.jpg | N22: =VLOOKUP(склад2въезд[[#This Row],[Name]], СпрСобытий!$F:$G, 2, FALSE) -> Въезд на базу
A23: сб | B23: 46179 | C23: 0.23881944 | D23: Выезд со второстепенной дороги | E23: Нива, с прицепом | F23: доски | I23: GA3948333_4_20260606T054354Z.jpg | J23: C:\ВИДЕОНАБЛЮДЕНИЕ\1 Въезд на базу\ | K23: 1 Въезд на базу\GA3948333_4_20260606T054354Z.jpg | L23: сб 06.06.2026 — 05:43:54 | M23: =HYPERLINK(склад2въезд[[#This Row],[RelativePath]]) -> 1 Въезд на базу\GA3948333_4_20260606T054354Z.jpg | N23: =VLOOKUP(склад2въезд[[#This Row],[Name]], СпрСобытий!$F:$G, 2, FALSE) -> Въезд на базу
A24: сб | B24: 46179 | C24: 0.34143519 | D24: Выезд с территории | E24: Камаз базы | F24: порожний | I24: GA3948333_4_20260606T081140Z.jpg | J24: C:\ВИДЕОНАБЛЮДЕНИЕ\1 Въезд на базу\ | K24: 1 Въезд на базу\GA3948333_4_20260606T081140Z.jpg | L24: сб 06.06.2026 — 08:11:40 | M24: =HYPERLINK(склад2въезд[[#This Row],[RelativePath]]) -> 1 Въезд на базу\GA3948333_4_20260606T081140Z.jpg | N24: =VLOOKUP(склад2въезд[[#This Row],[Name]], СпрСобытий!$F:$G, 2, FALSE) -> Въезд на базу
A25: сб | B25: 46179 | C25: 0.4321412 | D25: Въезд на базу | E25: Камаз базы | F25: порожний | I25: GA3948333_4_20260606T102217Z.jpg | J25: C:\ВИДЕОНАБЛЮДЕНИЕ\1 Въезд на базу\ | K25: 1 Въезд на базу\GA3948333_4_20260606T102217Z.jpg | L25: сб 06.06.2026 — 10:22:17 | M25: =HYPERLINK(склад2въезд[[#This Row],[RelativePath]]) -> 1 Въезд на базу\GA3948333_4_20260606T102217Z.jpg | N25: =VLOOKUP(склад2въезд[[#This Row],[Name]], СпрСобытий!$F:$G, 2, FALSE) -> Въезд на базу
A26: вс | B26: 46180 | C26: 0.4319213 | D26: Въезд на базу | E26: Газель фургон, голубая кабина, серый тент | I26: GA3948333_4_20260607T102158Z.jpg | J26: C:\ВИДЕОНАБЛЮДЕНИЕ\1 Въезд на базу\ | K26: 1 Въезд на базу\GA3948333_4_20260607T102158Z.jpg | L26: вс 07.06.2026 — 10:21:58 | M26: =HYPERLINK(склад2въезд[[#This Row],[RelativePath]]) -> 1 Въезд на базу\GA3948333_4_20260607T102158Z.jpg | N26: =VLOOKUP(склад2въезд[[#This Row],[Name]], СпрСобытий!$F:$G, 2, FALSE) -> Въезд на базу
A27: вс | B27: 46180 | C27: 0.53743056 | D27: Выезд с территории | E27: Газель фургон, голубая кабина, серый тент | I27: GA3948333_4_20260607T125354Z.jpg | J27: C:\ВИДЕОНАБЛЮДЕНИЕ\1 Въезд на базу\ | K27: 1 Въезд на базу\GA3948333_4_20260607T125354Z.jpg | L27: вс 07.06.2026 — 12:53:54 | M27: =HYPERLINK(склад2въезд[[#This Row],[RelativePath]]) -> 1 Въезд на базу\GA3948333_4_20260607T125354Z.jpg | N27: =VLOOKUP(склад2въезд[[#This Row],[Name]], СпрСобытий!$F:$G, 2, FALSE) -> Въезд на базу
A28: вс | B28: 46180 | C28: 0.59016204 | D28: Въезд на базу | E28: Tank 500, серый | I28: GA3948333_4_20260607T140950Z.jpg | J28: C:\ВИДЕОНАБЛЮДЕНИЕ\1 Въезд на базу\ | K28: 1 Въезд на базу\GA3948333_4_20260607T140950Z.jpg | L28: вс 07.06.2026 — 14:09:50 | M28: =HYPERLINK(склад2въезд[[#This Row],[RelativePath]]) -> 1 Въезд на базу\GA3948333_4_20260607T140950Z.jpg | N28: =VLOOKUP(склад2въезд[[#This Row],[Name]], СпрСобытий!$F:$G, 2, FALSE) -> Въезд на базу
A29: вс | B29: 46180 | C29: 0.5962037 | D29: Въезд на второстепенную дорогу | E29: Нива, с прицепом | F29: порожний | I29: GA3948333_4_20260607T141832Z.jpg | J29: C:\ВИДЕОНАБЛЮДЕНИЕ\1 Въезд на базу\ | K29: 1 Въезд на базу\GA3948333_4_20260607T141832Z.jpg | L29: вс 07.06.2026 — 14:18:32 | M29: =HYPERLINK(склад2въезд[[#This Row],[RelativePath]]) -> 1 Въезд на базу\GA3948333_4_20260607T141832Z.jpg | N29: =VLOOKUP(склад2въезд[[#This Row],[Name]], СпрСобытий!$F:$G, 2, FALSE) -> Въезд на базу
A30: вс | B30: 46180 | C30: 0.59684028 | D30: Выезд с территории | E30: Tank 500, серый | I30: GA3948333_4_20260607T141927Z.jpg | J30: C:\ВИДЕОНАБЛЮДЕНИЕ\1 Въезд на базу\ | K30: 1 Въезд на базу\GA3948333_4_20260607T141927Z.jpg | L30: вс 07.06.2026 — 14:19:27 | M30: =HYPERLINK(склад2въезд[[#This Row],[RelativePath]]) -> 1 Въезд на базу\GA3948333_4_20260607T141927Z.jpg | N30: =VLOOKUP(склад2въезд[[#This Row],[Name]], СпрСобытий!$F:$G, 2, FALSE) -> Въезд на базу
A31: вс | B31: 46180 | C31: 0.61918981 | D31: Выезд со второстепенной дороги | E31: Нива, с прицепом | F31: доски | I31: GA3948333_4_20260607T145138Z.jpg | J31: C:\ВИДЕОНАБЛЮДЕНИЕ\1 Въезд на базу\ | K31: 1 Въезд на базу\GA3948333_4_20260607T145138Z.jpg | L31: вс 07.06.2026 — 14:51:38 | M31: =HYPERLINK(склад2въезд[[#This Row],[RelativePath]]) -> 1 Въезд на базу\GA3948333_4_20260607T145138Z.jpg | N31: =VLOOKUP(склад2въезд[[#This Row],[Name]], СпрСобытий!$F:$G, 2, FALSE) -> Въезд на базу
A32: пн | B32: 46181 | C32: 0.30041667 | D32: Въезд на базу | E32: Рено логан серый, с прицепом | F32: порожний | I32: GA3948333_4_20260608T071236Z.jpg | J32: C:\ВИДЕОНАБЛЮДЕНИЕ\1 Въезд на базу\ | K32: 1 Въезд на базу\GA3948333_4_20260608T071236Z.jpg | L32: пн 08.06.2026 — 07:12:36 | M32: =HYPERLINK(склад2въезд[[#This Row],[RelativePath]]) -> 1 Въезд на базу\GA3948333_4_20260608T071236Z.jpg | N32: =VLOOKUP(склад2въезд[[#This Row],[Name]], СпрСобытий!$F:$G, 2, FALSE) -> Въезд на базу
A33: пн | B33: 46181 | C33: 0.3462037 | D33: Выезд с территории | E33: Камаз базы | F33: порожний | I33: GA3948333_4_20260608T081832Z.jpg | J33: C:\ВИДЕОНАБЛЮДЕНИЕ\1 Въезд на базу\ | K33: 1 Въезд на базу\GA3948333_4_20260608T081832Z.jpg | L33: пн 08.06.2026 — 08:18:32 | M33: =HYPERLINK(склад2въезд[[#This Row],[RelativePath]]) -> 1 Въезд на базу\GA3948333_4_20260608T081832Z.jpg | N33: =VLOOKUP(склад2въезд[[#This Row],[Name]], СпрСобытий!$F:$G, 2, FALSE) -> Въезд на базу
A34: пн | B34: 46181 | C34: 0.65746528 | D34: Въезд на базу | E34: Камаз базы | F34: порожний | I34: GA3948333_4_20260608T154645Z.jpg | J34: C:\ВИДЕОНАБЛЮДЕНИЕ\1 Въезд на базу\ | K34: 1 Въезд на базу\GA3948333_4_20260608T154645Z.jpg | L34: пн 08.06.2026 — 15:46:45 | M34: =HYPERLINK(склад2въезд[[#This Row],[RelativePath]]) -> 1 Въезд на базу\GA3948333_4_20260608T154645Z.jpg | N34: =VLOOKUP(склад2въезд[[#This Row],[Name]], СпрСобытий!$F:$G, 2, FALSE) -> Въезд на базу
A35: пн | B35: 46181 | C35: 0.7112037 | D35: Въезд на второстепенную дорогу | E35: Газель, белая кабина, разодранный тент | I35: GA3948333_4_20260608T170408Z.jpg | J35: C:\ВИДЕОНАБЛЮДЕНИЕ\1 Въезд на базу\ | K35: 1 Въезд на базу\GA3948333_4_20260608T170408Z.jpg | L35: пн 08.06.2026 — 17:04:08 | M35: =HYPERLINK(склад2въезд[[#This Row],[RelativePath]]) -> 1 Въезд на базу\GA3948333_4_20260608T170408Z.jpg | N35: =VLOOKUP(склад2въезд[[#This Row],[Name]], СпрСобытий!$F:$G, 2, FALSE) -> Въезд на базу
A36: пн | B36: 46181 | C36: 0.75173611 | D36: Выезд со второстепенной дороги | E36: Газель, белая кабина, разодранный тент | F36: доски | I36: GA3948333_4_20260608T180230Z.jpg | J36: C:\ВИДЕОНАБЛЮДЕНИЕ\1 Въезд на базу\ | K36: 1 Въезд на базу\GA3948333_4_20260608T180230Z.jpg | L36: пн 08.06.2026 — 18:02:30 | M36: =HYPERLINK(склад2въезд[[#This Row],[RelativePath]]) -> 1 Въезд на базу\GA3948333_4_20260608T180230Z.jpg | N36: =VLOOKUP(склад2въезд[[#This Row],[Name]], СпрСобытий!$F:$G, 2, FALSE) -> Въезд на базу
A37: вт | B37: 46182 | C37: 0.53296296 | D37: Въезд на базу | E37: Трактор с ковшом | F37: земля | I37: GA3948333_4_20260609T124728Z.jpg | J37: C:\ВИДЕОНАБЛЮДЕНИЕ\1 Въезд на базу\ | K37: 1 Въезд на базу\GA3948333_4_20260609T124728Z.jpg | L37: вт 09.06.2026 — 12:47:28 | M37: =HYPERLINK(склад2въезд[[#This Row],[RelativePath]]) -> 1 Въезд на базу\GA3948333_4_20260609T124728Z.jpg | N37: =VLOOKUP(склад2въезд[[#This Row],[Name]], СпрСобытий!$F:$G, 2, FALSE) -> Въезд на базу
A38: ср | B38: 46183 | C38: 0.39744213 | D38: Въезд на базу | E38: Лада Гранта | F38: доски | H38: на крыше | I38: GA3948333_4_20260610T093219Z.jpg | J38: C:\ВИДЕОНАБЛЮДЕНИЕ\1 Въезд на базу\ | K38: 1 Въезд на базу\GA3948333_4_20260610T093219Z.jpg | L38: ср 10.06.2026 — 09:32:19 | M38: =HYPERLINK(склад2въезд[[#This Row],[RelativePath]]) -> 1 Въезд на базу\GA3948333_4_20260610T093219Z.jpg | N38: =VLOOKUP(склад2въезд[[#This Row],[Name]], СпрСобытий!$F:$G, 2, FALSE) -> Въезд на базу
A39: ср | B39: 46183 | C39: 0.5956713 | D39: Выезд с территории | E39: Лада Гранта | F39: доски | H39: на крыше | I39: GA3948333_4_20260610T141746Z.jpg | J39: C:\ВИДЕОНАБЛЮДЕНИЕ\1 Въезд на базу\ | K39: 1 Въезд на базу\GA3948333_4_20260610T141746Z.jpg | L39: ср 10.06.2026 — 14:17:46 | M39: =HYPERLINK(склад2въезд[[#This Row],[RelativePath]]) -> 1 Въезд на базу\GA3948333_4_20260610T141746Z.jpg | N39: =VLOOKUP(склад2въезд[[#This Row],[Name]], СпрСобытий!$F:$G, 2, FALSE) -> Въезд на базу
A40: ср | B40: 46183 | C40: 0.76671296 | D40: Выезд с территории | E40: Лада Гранта | F40: доски | H40: на крыше | I40: GA3948333_4_20260610T182404Z.jpg | J40: C:\ВИДЕОНАБЛЮДЕНИЕ\1 Въезд на базу\ | K40: 1 Въезд на базу\GA3948333_4_20260610T182404Z.jpg | L40: ср 10.06.2026 — 18:24:04 | M40: =HYPERLINK(склад2въезд[[#This Row],[RelativePath]]) -> 1 Въезд на базу\GA3948333_4_20260610T182404Z.jpg | N40: =VLOOKUP(склад2въезд[[#This Row],[Name]], СпрСобытий!$F:$G, 2, FALSE) -> Въезд на базу
A41: чт | B41: 46184 | C41: 0.52457176 | D41: Въезд на базу | E41: Газель базы | I41: GA3948333_4_20260611T123523Z.jpg | J41: C:\ВИДЕОНАБЛЮДЕНИЕ\1 Въезд на базу\ | K41: 1 Въезд на базу\GA3948333_4_20260611T123523Z.jpg | L41: чт 11.06.2026 — 12:35:23 | M41: =HYPERLINK(склад2въезд[[#This Row],[RelativePath]]) -> 1 Въезд на базу\GA3948333_4_20260611T123523Z.jpg | N41: =VLOOKUP(склад2въезд[[#This Row],[Name]], СпрСобытий!$F:$G, 2, FALSE) -> Въезд на базу
A42: чт | B42: 46184 | C42: 0.53060185 | D42: Выезд с территории | E42: Газель базы | I42: GA3948333_4_20260611T124404Z.jpg | J42: C:\ВИДЕОНАБЛЮДЕНИЕ\1 Въезд на базу\ | K42: 1 Въезд на базу\GA3948333_4_20260611T124404Z.jpg | L42: чт 11.06.2026 — 12:44:04 | M42: =HYPERLINK(склад2въезд[[#This Row],[RelativePath]]) -> 1 Въезд на базу\GA3948333_4_20260611T124404Z.jpg | N42: =VLOOKUP(склад2въезд[[#This Row],[Name]], СпрСобытий!$F:$G, 2, FALSE) -> Въезд на базу
A43: чт | B43: 46184 | C43: 0.54828704 | D43: Выезд с территории | E43: Рено логан серый, с прицепом | F43: дрова/доски под тентом | I43: GA3948333_4_20260611T130932Z.jpg | J43: C:\ВИДЕОНАБЛЮДЕНИЕ\1 Въезд на базу\ | K43: 1 Въезд на базу\GA3948333_4_20260611T130932Z.jpg | L43: чт 11.06.2026 — 13:09:32 | M43: =HYPERLINK(склад2въезд[[#This Row],[RelativePath]]) -> 1 Въезд на базу\GA3948333_4_20260611T130932Z.jpg | N43: =VLOOKUP(склад2въезд[[#This Row],[Name]], СпрСобытий!$F:$G, 2, FALSE) -> Въезд на базу
A44: пт | B44: 46185 | C44: 0.25320602 | D44: Въезд на второстепенную дорогу | E44: Нива, с прицепом | F44: порожний | I44: GA3948333_4_20260612T060437Z.jpg | J44: C:\ВИДЕОНАБЛЮДЕНИЕ\1 Въезд на базу\ | K44: 1 Въезд на базу\GA3948333_4_20260612T060437Z.jpg | L44: пт 12.06.2026 — 06:04:37 | M44: =HYPERLINK(склад2въезд[[#This Row],[RelativePath]]) -> 1 Въезд на базу\GA3948333_4_20260612T060437Z.jpg | N44: =VLOOKUP(склад2въезд[[#This Row],[Name]], СпрСобытий!$F:$G, 2, FALSE) -> Въезд на базу
A45: пт | B45: 46185 | C45: 0.26649306 | D45: Выезд со второстепенной дороги | E45: Нива, с прицепом | F45: доски | I45: GA3948333_4_20260612T062345Z.jpg | J45: C:\ВИДЕОНАБЛЮДЕНИЕ\1 Въезд на базу\ | K45: 1 Въезд на базу\GA3948333_4_20260612T062345Z.jpg | L45: пт 12.06.2026 — 06:23:45 | M45: =HYPERLINK(склад2въезд[[#This Row],[RelativePath]]) -> 1 Въезд на базу\GA3948333_4_20260612T062345Z.jpg | N45: =VLOOKUP(склад2въезд[[#This Row],[Name]], СпрСобытий!$F:$G, 2, FALSE) -> Въезд на базу
A46: пт | B46: 46185 | C46: 0.35670139 | D46: Выезд с территории | E46: Камаз базы | F46: порожний | I46: GA3948333_4_20260612T083339Z.jpg | J46: C:\ВИДЕОНАБЛЮДЕНИЕ\1 Въезд на базу\ | K46: 1 Въезд на базу\GA3948333_4_20260612T083339Z.jpg | L46: пт 12.06.2026 — 08:33:39 | M46: =HYPERLINK(склад2въезд[[#This Row],[RelativePath]]) -> 1 Въезд на базу\GA3948333_4_20260612T083339Z.jpg | N46: =VLOOKUP(склад2въезд[[#This Row],[Name]], СпрСобытий!$F:$G, 2, FALSE) -> Въезд на базу
A47: пт | B47: 46185 | C47: 0.58627315 | D47: Въезд на базу | E47: Камаз базы | F47: порожний | I47: GA3948333_4_20260612T140414Z.jpg | J47: C:\ВИДЕОНАБЛЮДЕНИЕ\1 Въезд на базу\ | K47: 1 Въезд на базу\GA3948333_4_20260612T140414Z.jpg | L47: пт 12.06.2026 — 14:04:14 | M47: =HYPERLINK(склад2въезд[[#This Row],[RelativePath]]) -> 1 Въезд на базу\GA3948333_4_20260612T140414Z.jpg | N47: =VLOOKUP(склад2въезд[[#This Row],[Name]], СпрСобытий!$F:$G, 2, FALSE) -> Въезд на базу
A48: сб | B48: 46186 | C48: 0.73138889 | D48: без событий | E48: Территория | I48: GA3948333_4_20260613T173312Z.jpg | J48: C:\ВИДЕОНАБЛЮДЕНИЕ\1 Въезд на базу\ | K48: 1 Въезд на базу\GA3948333_4_20260613T173312Z.jpg | L48: сб 13.06.2026 — 17:33:12 | M48: =HYPERLINK(склад2въезд[[#This Row],[RelativePath]]) -> 1 Въезд на базу\GA3948333_4_20260613T173312Z.jpg | N48: =VLOOKUP(склад2въезд[[#This Row],[Name]], СпрСобытий!$F:$G, 2, FALSE) -> Въезд на базу
A49: вс | B49: 46187 | C49: 0.81887731 | D49: без событий | E49: Территория | I49: GA3948333_4_20260614T193911Z.jpg | J49: C:\ВИДЕОНАБЛЮДЕНИЕ\1 Въезд на базу\ | K49: 1 Въезд на базу\GA3948333_4_20260614T193911Z.jpg | L49: вс 14.06.2026 — 19:39:11 | M49: =HYPERLINK(склад2въезд[[#This Row],[RelativePath]]) -> 1 Въезд на базу\GA3948333_4_20260614T193911Z.jpg | N49: =VLOOKUP(склад2въезд[[#This Row],[Name]], СпрСобытий!$F:$G, 2, FALSE) -> Въезд на базу
A50: пн | B50: 46188 | C50: 0.60638889 | D50: Выезд с территории | E50: Рено логан серый, с прицепом | F50: бочки | G50: 2 | I50: GA3948333_4_20260615T143312Z.jpg | J50: C:\ВИДЕОНАБЛЮДЕНИЕ\1 Въезд на базу\ | K50: 1 Въезд на базу\GA3948333_4_20260615T143312Z.jpg | L50: пн 15.06.2026 — 14:33:12 | M50: =HYPERLINK(склад2въезд[[#This Row],[RelativePath]]) -> 1 Въезд на базу\GA3948333_4_20260615T143312Z.jpg | N50: =VLOOKUP(склад2въезд[[#This Row],[Name]], СпрСобытий!$F:$G, 2, FALSE) -> Въезд на базу
A51: пн | B51: 46188 | C51: 0.62829861 | D51: Въезд на базу | E51: Рено логан серый, с прицепом | F51: бочки | G51: 2 | I51: GA3948333_4_20260615T150445Z.jpg | J51: C:\ВИДЕОНАБЛЮДЕНИЕ\1 Въезд на базу\ | K51: 1 Въезд на базу\GA3948333_4_20260615T150445Z.jpg | L51: пн 15.06.2026 — 15:04:45 | M51: =HYPERLINK(склад2въезд[[#This Row],[RelativePath]]) -> 1 Въезд на базу\GA3948333_4_20260615T150445Z.jpg | N51: =VLOOKUP(склад2въезд[[#This Row],[Name]], СпрСобытий!$F:$G, 2, FALSE) -> Въезд на базу
A52: вт | B52: 46189 | C52: 0.39103009 | D52: Выход со второстепенной дороги | E52: Сотрудник | F52: кульки с опилками | G52: 2 | I52: GA3948333_4_20260616T092305Z.jpg | J52: C:\ВИДЕОНАБЛЮДЕНИЕ\1 Въезд на базу\ | K52: 1 Въезд на базу\GA3948333_4_20260616T092305Z.jpg | L52: вт 16.06.2026 — 09:23:05 | M52: =HYPERLINK(склад2въезд[[#This Row],[RelativePath]]) -> 1 Въезд на базу\GA3948333_4_20260616T092305Z.jpg | N52: =VLOOKUP(склад2въезд[[#This Row],[Name]], СпрСобытий!$F:$G, 2, FALSE) -> Въезд на базу
A53: вт | B53: 46189 | C53: 0.65561343 | D53: Въезд на второстепенную дорогу задним ходом | E53: Лада Приора, темная | I53: GA3948333_4_20260616T154405Z.jpg | J53: C:\ВИДЕОНАБЛЮДЕНИЕ\1 Въезд на базу\ | K53: 1 Въезд на базу\GA3948333_4_20260616T154405Z.jpg | L53: вт 16.06.2026 — 15:44:05 | M53: =HYPERLINK(склад2въезд[[#This Row],[RelativePath]]) -> 1 Въезд на базу\GA3948333_4_20260616T154405Z.jpg | N53: =VLOOKUP(склад2въезд[[#This Row],[Name]], СпрСобытий!$F:$G, 2, FALSE) -> Въезд на базу
A54: вт | B54: 46189 | C54: 0.65563657 | D54: Въезд на второстепенную дорогу задним ходом | E54: Лада Приора, темная | H54: динамика | I54: GA3948333_4_20260616T154407Z.jpg | J54: C:\ВИДЕОНАБЛЮДЕНИЕ\1 Въезд на базу\ | K54: 1 Въезд на базу\GA3948333_4_20260616T154407Z.jpg | L54: вт 16.06.2026 — 15:44:07 | M54: =HYPERLINK(склад2въезд[[#This Row],[RelativePath]]) -> 1 Въезд на базу\GA3948333_4_20260616T154407Z.jpg | N54: =VLOOKUP(склад2въезд[[#This Row],[Name]], СпрСобытий!$F:$G, 2, FALSE) -> Въезд на базу
A55: вт | B55: 46189 | C55: 0.66710648 | D55: Выезд со второстепенной дороги | E55: Лада Приора, темная | F55: мешки с опилками | G55: 3 | I55: GA3948333_4_20260616T160038Z.jpg | J55: C:\ВИДЕОНАБЛЮДЕНИЕ\1 Въезд на базу\ | K55: 1 Въезд на базу\GA3948333_4_20260616T160038Z.jpg | L55: вт 16.06.2026 — 16:00:38 | M55: =HYPERLINK(склад2въезд[[#This Row],[RelativePath]]) -> 1 Въезд на базу\GA3948333_4_20260616T160038Z.jpg | N55: =VLOOKUP(склад2въезд[[#This Row],[Name]], СпрСобытий!$F:$G, 2, FALSE) -> Въезд на базу
A56: ср | B56: 46190 | C56: 0.24341435 | D56: Въезд на второстепенную дорогу | E56: Нива, с прицепом | F56: порожний | I56: GA3948333_4_20260617T055031Z.jpg | J56: C:\ВИДЕОНАБЛЮДЕНИЕ\1 Въезд на базу\ | K56: 1 Въезд на базу\GA3948333_4_20260617T055031Z.jpg | L56: ср 17.06.2026 — 05:50:31 | M56: =HYPERLINK(склад2въезд[[#This Row],[RelativePath]]) -> 1 Въезд на базу\GA3948333_4_20260617T055031Z.jpg | N56: =VLOOKUP(склад2въезд[[#This Row],[Name]], СпрСобытий!$F:$G, 2, FALSE) -> Въезд на базу
A57: ср | B57: 46190 | C57: 0.26458333 | D57: Выезд со второстепенной дороги | E57: Нива, с прицепом | F57: доски | I57: GA3948333_4_20260617T062100Z.jpg | J57: C:\ВИДЕОНАБЛЮДЕНИЕ\1 Въезд на базу\ | K57: 1 Въезд на базу\GA3948333_4_20260617T062100Z.jpg | L57: ср 17.06.2026 — 06:21:00 | M57: =HYPERLINK(склад2въезд[[#This Row],[RelativePath]]) -> 1 Въезд на базу\GA3948333_4_20260617T062100Z.jpg | N57: =VLOOKUP(склад2въезд[[#This Row],[Name]], СпрСобытий!$F:$G, 2, FALSE) -> Въезд на базу
A58: ср | B58: 46190 | C58: 0.54806713 | D58: Въезд на базу | E58: Газель базы | I58: GA3948333_4_20260617T130913Z.jpg | J58: C:\ВИДЕОНАБЛЮДЕНИЕ\1 Въезд на базу\ | K58: 1 Въезд на базу\GA3948333_4_20260617T130913Z.jpg | L58: ср 17.06.2026 — 13:09:13 | M58: =HYPERLINK(склад2въезд[[#This Row],[RelativePath]]) -> 1 Въезд на базу\GA3948333_4_20260617T130913Z.jpg | N58: =VLOOKUP(склад2въезд[[#This Row],[Name]], СпрСобытий!$F:$G, 2, FALSE) -> Въезд на базу
A59: ср | B59: 46190 | C59: 0.55050926 | D59: Въезд на базу | E59: Skoda Yeti, с прицепом | F59: порожний | I59: GA3948333_4_20260617T131244Z.jpg | J59: C:\ВИДЕОНАБЛЮДЕНИЕ\1 Въезд на базу\ | K59: 1 Въезд на базу\GA3948333_4_20260617T131244Z.jpg | L59: ср 17.06.2026 — 13:12:44 | M59: =HYPERLINK(склад2въезд[[#This Row],[RelativePath]]) -> 1 Въезд на базу\GA3948333_4_20260617T131244Z.jpg | N59: =VLOOKUP(склад2въезд[[#This Row],[Name]], СпрСобытий!$F:$G, 2, FALSE) -> Въезд на базу
A60: ср | B60: 46190 | C60: 0.55376157 | D60: Въезд на второстепенную дорогу | E60: Нива | I60: GA3948333_4_20260617T131725Z.jpg | J60: C:\ВИДЕОНАБЛЮДЕНИЕ\1 Въезд на базу\ | K60: 1 Въезд на базу\GA3948333_4_20260617T131725Z.jpg | L60: ср 17.06.2026 — 13:17:25 | M60: =HYPERLINK(склад2въезд[[#This Row],[RelativePath]]) -> 1 Въезд на базу\GA3948333_4_20260617T131725Z.jpg | N60: =VLOOKUP(склад2въезд[[#This Row],[Name]], СпрСобытий!$F:$G, 2, FALSE) -> Въезд на базу
A61: ср | B61: 46190 | C61: 0.55684028 | D61: Выезд с территории | E61: Нива | I61: GA3948333_4_20260617T132151Z.jpg | J61: C:\ВИДЕОНАБЛЮДЕНИЕ\1 Въезд на базу\ | K61: 1 Въезд на базу\GA3948333_4_20260617T132151Z.jpg | L61: ср 17.06.2026 — 13:21:51 | M61: =HYPERLINK(склад2въезд[[#This Row],[RelativePath]]) -> 1 Въезд на базу\GA3948333_4_20260617T132151Z.jpg | N61: =VLOOKUP(склад2въезд[[#This Row],[Name]], СпрСобытий!$F:$G, 2, FALSE) -> Въезд на базу
A62: ср | B62: 46190 | C62: 0.56935185 | D62: Выезд с территории | E62: Газель базы | I62: GA3948333_4_20260617T133952Z.jpg | J62: C:\ВИДЕОНАБЛЮДЕНИЕ\1 Въезд на базу\ | K62: 1 Въезд на базу\GA3948333_4_20260617T133952Z.jpg | L62: ср 17.06.2026 — 13:39:52 | M62: =HYPERLINK(склад2въезд[[#This Row],[RelativePath]]) -> 1 Въезд на базу\GA3948333_4_20260617T133952Z.jpg | N62: =VLOOKUP(склад2въезд[[#This Row],[Name]], СпрСобытий!$F:$G, 2, FALSE) -> Въезд на базу
A63: ср | B63: 46190 | C63: 0.57255787 | D63: Въезд на базу | E63: Skoda Yeti, с прицепом | F63: порожний | I63: GA3948333_4_20260617T134429Z.jpg | J63: C:\ВИДЕОНАБЛЮДЕНИЕ\1 Въезд на базу\ | K63: 1 Въезд на базу\GA3948333_4_20260617T134429Z.jpg | L63: ср 17.06.2026 — 13:44:29 | M63: =HYPERLINK(склад2въезд[[#This Row],[RelativePath]]) -> 1 Въезд на базу\GA3948333_4_20260617T134429Z.jpg | N63: =VLOOKUP(склад2въезд[[#This Row],[Name]], СпрСобытий!$F:$G, 2, FALSE) -> Въезд на базу
A64: ср | B64: 46190 | C64: 0.65392361 | D64: Въезд на второстепенную дорогу | E64: Газель, белая кабина, разодранный тент | I64: GA3948333_4_20260617T154139Z.jpg | J64: C:\ВИДЕОНАБЛЮДЕНИЕ\1 Въезд на базу\ | K64: 1 Въезд на базу\GA3948333_4_20260617T154139Z.jpg | L64: ср 17.06.2026 — 15:41:39 | M64: =HYPERLINK(склад2въезд[[#This Row],[RelativePath]]) -> 1 Въезд на базу\GA3948333_4_20260617T154139Z.jpg | N64: =VLOOKUP(склад2въезд[[#This Row],[Name]], СпрСобытий!$F:$G, 2, FALSE) -> Въезд на базу
A65: ср | B65: 46190 | C65: 0.70685185 | D65: Выезд со второстепенной дороги | E65: Газель, белая кабина, разодранный тент | F65: опилки/возможно горбыль | I65: GA3948333_4_20260617T165752Z.jpg | J65: C:\ВИДЕОНАБЛЮДЕНИЕ\1 Въезд на базу\ | K65: 1 Въезд на базу\GA3948333_4_20260617T165752Z.jpg | L65: ср 17.06.2026 — 16:57:52 | M65: =HYPERLINK(склад2въезд[[#This Row],[RelativePath]]) -> 1 Въезд на базу\GA3948333_4_20260617T165752Z.jpg | N65: =VLOOKUP(склад2въезд[[#This Row],[Name]], СпрСобытий!$F:$G, 2, FALSE) -> Въезд на базу
A66: ср | B66: 46190 | C66: 0.79185185 | D66: Выезд с территории | E66: Рено логан серый, с прицепом | F66: доски | I66: GA3948333_4_20260617T190016Z.jpg | J66: C:\ВИДЕОНАБЛЮДЕНИЕ\1 Въезд на базу\ | K66: 1 Въезд на базу\GA3948333_4_20260617T190016Z.jpg | L66: ср 17.06.2026 — 19:00:16 | M66: =HYPERLINK(склад2въезд[[#This Row],[RelativePath]]) -> 1 Въезд на базу\GA3948333_4_20260617T190016Z.jpg | N66: =VLOOKUP(склад2въезд[[#This Row],[Name]], СпрСобытий!$F:$G, 2, FALSE) -> Въезд на базу
A67: чт | B67: 46191 | C67: 0.43862269 | D67: Выезд с территории | E67: Suzuki Grand Vitara | F67: доски | I67: GA3948333_4_20260618T103137Z.jpg | J67: C:\ВИДЕОНАБЛЮДЕНИЕ\1 Въезд на базу\ | K67: 1 Въезд на базу\GA3948333_4_20260618T103137Z.jpg | L67: чт 18.06.2026 — 10:31:37 | M67: =HYPERLINK(склад2въезд[[#This Row],[RelativePath]]) -> 1 Въезд на базу\GA3948333_4_20260618T103137Z.jpg | N67: =VLOOKUP(склад2въезд[[#This Row],[Name]], СпрСобытий!$F:$G, 2, FALSE) -> Въезд на базу
A68: чт | B68: 46191 | C68: 0.4791088 | D68: Выезд с территории | E68: Лада Гранта | F68: доски/металлические решетки | I68: GA3948333_4_20260618T112955Z.jpg | J68: C:\ВИДЕОНАБЛЮДЕНИЕ\1 Въезд на базу\ | K68: 1 Въезд на базу\GA3948333_4_20260618T112955Z.jpg | L68: чт 18.06.2026 — 11:29:55 | M68: =HYPERLINK(склад2въезд[[#This Row],[RelativePath]]) -> 1 Въезд на базу\GA3948333_4_20260618T112955Z.jpg | N68: =VLOOKUP(склад2въезд[[#This Row],[Name]], СпрСобытий!$F:$G, 2, FALSE) -> Въезд на базу
A69: пт | B69: 46192 | C69: 0.85267361 | D69: без событий | E69: Территория | I69: GA3948333_4_20260619T202751Z.jpg | J69: C:\ВИДЕОНАБЛЮДЕНИЕ\1 Въезд на базу\ | K69: 1 Въезд на базу\GA3948333_4_20260619T202751Z.jpg | L69: пт 19.06.2026 — 20:27:51 | M69: =HYPERLINK(склад2въезд[[#This Row],[RelativePath]]) -> 1 Въезд на базу\GA3948333_4_20260619T202751Z.jpg | N69: =VLOOKUP(склад2въезд[[#This Row],[Name]], СпрСобытий!$F:$G, 2, FALSE) -> Въезд на базу
A70: сб | B70: 46193 | C70: 0.6077662 | D70: Въезд на второстепенную дорогу | E70: Нива, с прицепом | F70: порожний | I70: GA3948333_4_20260620T143511Z.jpg | J70: C:\ВИДЕОНАБЛЮДЕНИЕ\1 Въезд на базу\ | K70: 1 Въезд на базу\GA3948333_4_20260620T143511Z.jpg | L70: сб 20.06.2026 — 14:35:11 | M70: =HYPERLINK(склад2въезд[[#This Row],[RelativePath]]) -> 1 Въезд на базу\GA3948333_4_20260620T143511Z.jpg | N70: =VLOOKUP(склад2въезд[[#This Row],[Name]], СпрСобытий!$F:$G, 2, FALSE) -> Въезд на базу
A71: сб | B71: 46193 | C71: 0.63888889 | D71: Выезд со второстепенной дороги | E71: Нива, с прицепом | F71: доски | I71: GA3948333_4_20260620T152000Z.jpg | J71: C:\ВИДЕОНАБЛЮДЕНИЕ\1 Въезд на базу\ | K71: 1 Въезд на базу\GA3948333_4_20260620T152000Z.jpg | L71: сб 20.06.2026 — 15:20:00 | M71: =HYPERLINK(склад2въезд[[#This Row],[RelativePath]]) -> 1 Въезд на базу\GA3948333_4_20260620T152000Z.jpg | N71: =VLOOKUP(склад2въезд[[#This Row],[Name]], СпрСобытий!$F:$G, 2, FALSE) -> Въезд на базу
A72: вс | B72: 46194 | C72: 0.74824074 | D72: Въезд на второстепенную дорогу | E72: Нива, с прицепом | F72: порожний | I72: GA3948333_4_20260621T175728Z.jpg | J72: C:\ВИДЕОНАБЛЮДЕНИЕ\1 Въезд на базу\ | K72: 1 Въезд на базу\GA3948333_4_20260621T175728Z.jpg | L72: вс 21.06.2026 — 17:57:28 | M72: =HYPERLINK(склад2въезд[[#This Row],[RelativePath]]) -> 1 Въезд на базу\GA3948333_4_20260621T175728Z.jpg | N72: =VLOOKUP(склад2въезд[[#This Row],[Name]], СпрСобытий!$F:$G, 2, FALSE) -> Въезд на базу
A73: вс | B73: 46194 | C73: 0.77538194 | D73: Выезд со второстепенной дороги | E73: Нива, с прицепом | F73: доски | I73: GA3948333_4_20260621T183633Z.jpg | J73: C:\ВИДЕОНАБЛЮДЕНИЕ\1 Въезд на базу\ | K73: 1 Въезд на базу\GA3948333_4_20260621T183633Z.jpg | L73: вс 21.06.2026 — 18:36:33 | M73: =HYPERLINK(склад2въезд[[#This Row],[RelativePath]]) -> 1 Въезд на базу\GA3948333_4_20260621T183633Z.jpg | N73: =VLOOKUP(склад2въезд[[#This Row],[Name]], СпрСобытий!$F:$G, 2, FALSE) -> Въезд на базу
A74: пн | B74: 46195 | C74: 0.84489583 | D74: без событий | E74: Территория | I74: GA3948333_4_20260622T201639Z.jpg | J74: C:\ВИДЕОНАБЛЮДЕНИЕ\1 Въезд на базу\ | K74: 1 Въезд на базу\GA3948333_4_20260622T201639Z.jpg | L74: пн 22.06.2026 — 20:16:39 | M74: =HYPERLINK(склад2въезд[[#This Row],[RelativePath]]) -> 1 Въезд на базу\GA3948333_4_20260622T201639Z.jpg | N74: =VLOOKUP(склад2въезд[[#This Row],[Name]], СпрСобытий!$F:$G, 2, FALSE) -> Въезд на базу
A75: вт | B75: 46196 | C75: 0.25188657 | D75: Въезд на второстепенную дорогу | E75: Нива, с прицепом | F75: порожний | I75: GA3948333_4_20260623T060243Z.jpg | J75: C:\ВИДЕОНАБЛЮДЕНИЕ\1 Въезд на базу\ | K75: 1 Въезд на базу\GA3948333_4_20260623T060243Z.jpg | L75: вт 23.06.2026 — 06:02:43 | M75: =HYPERLINK(склад2въезд[[#This Row],[RelativePath]]) -> 1 Въезд на базу\GA3948333_4_20260623T060243Z.jpg | N75: =VLOOKUP(склад2въезд[[#This Row],[Name]], СпрСобытий!$F:$G, 2, FALSE) -> Въезд на базу
A76: вт | B76: 46196 | C76: 0.27023148 | D76: Выезд со второстепенной дороги | E76: Нива, с прицепом | F76: доски | I76: GA3948333_4_20260623T062908Z.jpg | J76: C:\ВИДЕОНАБЛЮДЕНИЕ\1 Въезд на базу\ | K76: 1 Въезд на базу\GA3948333_4_20260623T062908Z.jpg | L76: вт 23.06.2026 — 06:29:08 | M76: =HYPERLINK(склад2въезд[[#This Row],[RelativePath]]) -> 1 Въезд на базу\GA3948333_4_20260623T062908Z.jpg | N76: =VLOOKUP(склад2въезд[[#This Row],[Name]], СпрСобытий!$F:$G, 2, FALSE) -> Въезд на базу
A77: вт | B77: 46196 | C77: 0.86603009 | D77: Въезд на второстепенную дорогу | E77: Нива, с прицепом | F77: порожний | I77: GA3948333_4_20260623T204705Z.jpg | J77: C:\ВИДЕОНАБЛЮДЕНИЕ\1 Въезд на базу\ | K77: 1 Въезд на базу\GA3948333_4_20260623T204705Z.jpg | L77: вт 23.06.2026 — 20:47:05 | M77: =HYPERLINK(склад2въезд[[#This Row],[RelativePath]]) -> 1 Въезд на базу\GA3948333_4_20260623T204705Z.jpg | N77: =VLOOKUP(склад2въезд[[#This Row],[Name]], СпрСобытий!$F:$G, 2, FALSE) -> Въезд на базу
A78: вт | B78: 46196 | C78: 0.89790509 | D78: Выезд со второстепенной дороги | E78: Нива, с прицепом | F78: доски | I78: GA3948333_4_20260623T213259Z.jpg | J78: C:\ВИДЕОНАБЛЮДЕНИЕ\1 Въезд на базу\ | K78: 1 Въезд на базу\GA3948333_4_20260623T213259Z.jpg | L78: вт 23.06.2026 — 21:32:59 | M78: =HYPERLINK(склад2въезд[[#This Row],[RelativePath]]) -> 1 Въезд на базу\GA3948333_4_20260623T213259Z.jpg | N78: =VLOOKUP(склад2въезд[[#This Row],[Name]], СпрСобытий!$F:$G, 2, FALSE) -> Въезд на базу
A79: ср | B79: 46197 | C79: 0.7340162 | D79: без событий | E79: Территория | I79: GA3948333_4_20260624T173659Z.jpg | J79: C:\ВИДЕОНАБЛЮДЕНИЕ\1 Въезд на базу\ | K79: 1 Въезд на базу\GA3948333_4_20260624T173659Z.jpg | L79: ср 24.06.2026 — 17:36:59 | M79: =HYPERLINK(склад2въезд[[#This Row],[RelativePath]]) -> 1 Въезд на базу\GA3948333_4_20260624T173659Z.jpg | N79: =VLOOKUP(склад2въезд[[#This Row],[Name]], СпрСобытий!$F:$G, 2, FALSE) -> Въезд на базу
A80: чт | B80: 46198 | C80: 0.84265046 | D80: Въезд на базу | E80: Audi Q7 белая | I80: GA3948333_4_20260625T201325Z.jpg | J80: C:\ВИДЕОНАБЛЮДЕНИЕ\1 Въезд на базу\ | K80: 1 Въезд на базу\GA3948333_4_20260625T201325Z.jpg | L80: чт 25.06.2026 — 20:13:25 | M80: =HYPERLINK(склад2въезд[[#This Row],[RelativePath]]) -> 1 Въезд на базу\GA3948333_4_20260625T201325Z.jpg | N80: =VLOOKUP(склад2въезд[[#This Row],[Name]], СпрСобытий!$F:$G, 2, FALSE) -> Въезд на базу
A81: чт | B81: 46198 | C81: 0.8437963 | D81: Выезд с территории | E81: Audi Q7 белая | I81: GA3948333_4_20260625T201504Z.jpg | J81: C:\ВИДЕОНАБЛЮДЕНИЕ\1 Въезд на базу\ | K81: 1 Въезд на базу\GA3948333_4_20260625T201504Z.jpg | L81: чт 25.06.2026 — 20:15:04 | M81: =HYPERLINK(склад2въезд[[#This Row],[RelativePath]]) -> 1 Въезд на базу\GA3948333_4_20260625T201504Z.jpg | N81: =VLOOKUP(склад2въезд[[#This Row],[Name]], СпрСобытий!$F:$G, 2, FALSE) -> Въезд на базу
A82: пт | B82: 46199 | C82: 0.55097222 | D82: Въезд на второстепенную дорогу | E82: Нива, с прицепом | F82: порожний | I82: GA3948333_4_20260626T131324Z.jpg | J82: C:\ВИДЕОНАБЛЮДЕНИЕ\1 Въезд на базу\ | K82: 1 Въезд на базу\GA3948333_4_20260626T131324Z.jpg | L82: пт 26.06.2026 — 13:13:24 | M82: =HYPERLINK(склад2въезд[[#This Row],[RelativePath]]) -> 1 Въезд на базу\GA3948333_4_20260626T131324Z.jpg | N82: =VLOOKUP(склад2въезд[[#This Row],[Name]], СпрСобытий!$F:$G, 2, FALSE) -> Въезд на базу
A83: пт | B83: 46199 | C83: 0.5640625 | D83: Выезд со второстепенной дороги | E83: Нива, с прицепом | F83: доски | I83: GA3948333_4_20260626T133215Z.jpg | J83: C:\ВИДЕОНАБЛЮДЕНИЕ\1 Въезд на базу\ | K83: 1 Въезд на базу\GA3948333_4_20260626T133215Z.jpg | L83: пт 26.06.2026 — 13:32:15 | M83: =HYPERLINK(склад2въезд[[#This Row],[RelativePath]]) -> 1 Въезд на базу\GA3948333_4_20260626T133215Z.jpg | N83: =VLOOKUP(склад2въезд[[#This Row],[Name]], СпрСобытий!$F:$G, 2, FALSE) -> Въезд на базу
A84: сб | B84: 46200 | C84: 0.87409722 | D84: без событий | E84: Территория | I84: GA3948333_4_20260627T205842Z.jpg | J84: C:\ВИДЕОНАБЛЮДЕНИЕ\1 Въезд на базу\ | K84: 1 Въезд на базу\GA3948333_4_20260627T205842Z.jpg | L84: сб 27.06.2026 — 20:58:42 | M84: =HYPERLINK(склад2въезд[[#This Row],[RelativePath]]) -> 1 Въезд на базу\GA3948333_4_20260627T205842Z.jpg | N84: =VLOOKUP(склад2въезд[[#This Row],[Name]], СпрСобытий!$F:$G, 2, FALSE) -> Въезд на базу
A85: вс | B85: 46201 | C85: 0.63359954 | D85: Выезд с территории | E85: LADA Largus темная | H85: въезд не записался | I85: GA3948333_4_20260628T151223Z.jpg | J85: C:\ВИДЕОНАБЛЮДЕНИЕ\1 Въезд на базу\ | K85: 1 Въезд на базу\GA3948333_4_20260628T151223Z.jpg | L85: вс 28.06.2026 — 15:12:23 | M85: =HYPERLINK(склад2въезд[[#This Row],[RelativePath]]) -> 1 Въезд на базу\GA3948333_4_20260628T151223Z.jpg | N85: =VLOOKUP(склад2въезд[[#This Row],[Name]], СпрСобытий!$F:$G, 2, FALSE) -> Въезд на базу
A86: пн | B86: 46202 | C86: 0.32591435 | D86: Въезд на базу | E86: Рено логан серый, с прицепом | F86: порожний | I86: GA3948333_4_20260629T074919Z.jpg | J86: C:\ВИДЕОНАБЛЮДЕНИЕ\1 Въезд на базу\ | K86: 1 Въезд на базу\GA3948333_4_20260629T074919Z.jpg | L86: пн 29.06.2026 — 07:49:19 | M86: =HYPERLINK(склад2въезд[[#This Row],[RelativePath]]) -> 1 Въезд на базу\GA3948333_4_20260629T074919Z.jpg | N86: =VLOOKUP(склад2въезд[[#This Row],[Name]], СпрСобытий!$F:$G, 2, FALSE) -> Въезд на базу
A87: вт | B87: 46203 | C87: 0.52652778 | D87: Въезд на второстепенную дорогу задним ходом | E87: Hyundai Mighty грузовой, белый | I87: GA3948333_4_20260630T123812Z.jpg | J87: C:\ВИДЕОНАБЛЮДЕНИЕ\1 Въезд на базу\ | K87: 1 Въезд на базу\GA3948333_4_20260630T123812Z.jpg | L87: вт 30.06.2026 — 12:38:12 | M87: =HYPERLINK(склад2въезд[[#This Row],[RelativePath]]) -> 1 Въезд на базу\GA3948333_4_20260630T123812Z.jpg | N87: =VLOOKUP(склад2въезд[[#This Row],[Name]], СпрСобытий!$F:$G, 2, FALSE) -> Въезд на базу
A88: вт | B88: 46203 | C88: 0.80049769 | D88: Выезд с территории | E88: Рено логан серый, с прицепом | F88: доски | I88: GA3948333_4_20260630T191243Z.jpg | J88: C:\ВИДЕОНАБЛЮДЕНИЕ\1 Въезд на базу\ | K88: 1 Въезд на базу\GA3948333_4_20260630T191243Z.jpg | L88: вт 30.06.2026 — 19:12:43 | M88: =HYPERLINK(склад2въезд[[#This Row],[RelativePath]]) -> 1 Въезд на базу\GA3948333_4_20260630T191243Z.jpg | N88: =VLOOKUP(склад2въезд[[#This Row],[Name]], СпрСобытий!$F:$G, 2, FALSE) -> Въезд на базу
A89: ср | B89: 46204 | C89: 0.33126157 | D89: Проезд | E89: Нива, с прицепом | F89: доски | H89: по дальней дороге (зафиксировала на всякий) | I89: GA3948333_4_20260701T075701Z.jpg | J89: C:\ВИДЕОНАБЛЮДЕНИЕ\1 Въезд на базу\ | K89: 1 Въезд на базу\GA3948333_4_20260701T075701Z.jpg | L89: ср 01.07.2026 — 07:57:01 | M89: =HYPERLINK(склад2въезд[[#This Row],[RelativePath]]) -> 1 Въезд на базу\GA3948333_4_20260701T075701Z.jpg | N89: =VLOOKUP(склад2въезд[[#This Row],[Name]], СпрСобытий!$F:$G, 2, FALSE) -> Въезд на базу
A90: ср | B90: 46204 | C90: 0.3312963 | D90: Проезд | E90: Нива, с прицепом | F90: доски | H90: динамика | I90: GA3948333_4_20260701T075704Z.jpg | J90: C:\ВИДЕОНАБЛЮДЕНИЕ\1 Въезд на базу\ | K90: 1 Въезд на базу\GA3948333_4_20260701T075704Z.jpg | L90: ср 01.07.2026 — 07:57:04 | M90: =HYPERLINK(склад2въезд[[#This Row],[RelativePath]]) -> 1 Въезд на базу\GA3948333_4_20260701T075704Z.jpg | N90: =VLOOKUP(склад2въезд[[#This Row],[Name]], СпрСобытий!$F:$G, 2, FALSE) -> Въезд на базу
A91: ср | B91: 46204 | C91: 0.3897338 | D91: Въезд на базу | E91: Газель базы | I91: GA3948333_4_20260701T092113Z.jpg | J91: C:\ВИДЕОНАБЛЮДЕНИЕ\1 Въезд на базу\ | K91: 1 Въезд на базу\GA3948333_4_20260701T092113Z.jpg | L91: ср 01.07.2026 — 09:21:13 | M91: =HYPERLINK(склад2въезд[[#This Row],[RelativePath]]) -> 1 Въезд на базу\GA3948333_4_20260701T092113Z.jpg | N91: =VLOOKUP(склад2въезд[[#This Row],[Name]], СпрСобытий!$F:$G, 2, FALSE) -> Въезд на базу
A92: ср | B92: 46204 | C92: 0.40711806 | D92: Выезд со второстепенной дороги | E92: Hyundai Mighty грузовой, белый | H92: загрузки не было | I92: GA3948333_4_20260701T094615Z.jpg | J92: C:\ВИДЕОНАБЛЮДЕНИЕ\1 Въезд на базу\ | K92: 1 Въезд на базу\GA3948333_4_20260701T094615Z.jpg | L92: ср 01.07.2026 — 09:46:15 | M92: =HYPERLINK(склад2въезд[[#This Row],[RelativePath]]) -> 1 Въезд на базу\GA3948333_4_20260701T094615Z.jpg | N92: =VLOOKUP(склад2въезд[[#This Row],[Name]], СпрСобытий!$F:$G, 2, FALSE) -> Въезд на базу
A93: ср | B93: 46204 | C93: 0.410625 | D93: Выезд с территории | E93: Газель базы | F93: доски, инструменты, материалы | I93: GA3948333_4_20260701T095118Z.jpg | J93: C:\ВИДЕОНАБЛЮДЕНИЕ\1 Въезд на базу\ | K93: 1 Въезд на базу\GA3948333_4_20260701T095118Z.jpg | L93: ср 01.07.2026 — 09:51:18 | M93: =HYPERLINK(склад2въезд[[#This Row],[RelativePath]]) -> 1 Въезд на базу\GA3948333_4_20260701T095118Z.jpg | N93: =VLOOKUP(склад2въезд[[#This Row],[Name]], СпрСобытий!$F:$G, 2, FALSE) -> Въезд на базу
A94: ср | B94: 46204 | C94: 0.46114583 | D94: Въезд на базу | E94: Газель базы | I94: GA3948333_4_20260701T110403Z.jpg | J94: C:\ВИДЕОНАБЛЮДЕНИЕ\1 Въезд на базу\ | K94: 1 Въезд на базу\GA3948333_4_20260701T110403Z.jpg | L94: ср 01.07.2026 — 11:04:03 | M94: =HYPERLINK(склад2въезд[[#This Row],[RelativePath]]) -> 1 Въезд на базу\GA3948333_4_20260701T110403Z.jpg | N94: =VLOOKUP(склад2въезд[[#This Row],[Name]], СпрСобытий!$F:$G, 2, FALSE) -> Въезд на базу
A95: ср | B95: 46204 | C95: 0.47872685 | D95: Выезд с территории | E95: Газель базы | F95: доски | I95: GA3948333_4_20260701T112922Z.jpg | J95: C:\ВИДЕОНАБЛЮДЕНИЕ\1 Въезд на базу\ | K95: 1 Въезд на базу\GA3948333_4_20260701T112922Z.jpg | L95: ср 01.07.2026 — 11:29:22 | M95: =HYPERLINK(склад2въезд[[#This Row],[RelativePath]]) -> 1 Въезд на базу\GA3948333_4_20260701T112922Z.jpg | N95: =VLOOKUP(склад2въезд[[#This Row],[Name]], СпрСобытий!$F:$G, 2, FALSE) -> Въезд на базу
A96: чт | B96: 46205 | C96: 0.70101852 | D96: Въезд на базу | E96: Toyota RAV4, с прицепом | F96: порожний | I96: GA3948333_4_20260702T164928Z.jpg | J96: C:\ВИДЕОНАБЛЮДЕНИЕ\1 Въезд на базу\ | K96: 1 Въезд на базу\GA3948333_4_20260702T164928Z.jpg | L96: чт 02.07.2026 — 16:49:28 | M96: =HYPERLINK(склад2въезд[[#This Row],[RelativePath]]) -> 1 Въезд на базу\GA3948333_4_20260702T164928Z.jpg | N96: =VLOOKUP(склад2въезд[[#This Row],[Name]], СпрСобытий!$F:$G, 2, FALSE) -> Въезд на базу
A97: чт | B97: 46205 | C97: 0.74137731 | D97: Выезд с территории | E97: Toyota RAV4, с прицепом | F97: горбыль, дрова | I97: GA3948333_4_20260702T174735Z.jpg | J97: C:\ВИДЕОНАБЛЮДЕНИЕ\1 Въезд на базу\ | K97: 1 Въезд на базу\GA3948333_4_20260702T174735Z.jpg | L97: чт 02.07.2026 — 17:47:35 | M97: =HYPERLINK(склад2въезд[[#This Row],[RelativePath]]) -> 1 Въезд на базу\GA3948333_4_20260702T174735Z.jpg | N97: =VLOOKUP(склад2въезд[[#This Row],[Name]], СпрСобытий!$F:$G, 2, FALSE) -> Въезд на базу
A98: пт | B98: 46206 | C98: 0.53163194 | D98: Въезд на базу | E98: Howo, самосвал | F98: порожний | I98: GA3948333_4_20260703T124533Z.jpg | J98: C:\ВИДЕОНАБЛЮДЕНИЕ\1 Въезд на базу\ | K98: 1 Въезд на базу\GA3948333_4_20260703T124533Z.jpg | L98: пт 03.07.2026 — 12:45:33 | M98: =HYPERLINK(склад2въезд[[#This Row],[RelativePath]]) -> 1 Въезд на базу\GA3948333_4_20260703T124533Z.jpg | N98: =VLOOKUP(склад2въезд[[#This Row],[Name]], СпрСобытий!$F:$G, 2, FALSE) -> Въезд на базу
A99: пт | B99: 46206 | C99: 0.56453704 | D99: Въезд на базу | E99: Lada Largus, темный | I99: GA3948333_4_20260703T133256Z.jpg | J99: C:\ВИДЕОНАБЛЮДЕНИЕ\1 Въезд на базу\ | K99: 1 Въезд на базу\GA3948333_4_20260703T133256Z.jpg | L99: пт 03.07.2026 — 13:32:56 | M99: =HYPERLINK(склад2въезд[[#This Row],[RelativePath]]) -> 1 Въезд на базу\GA3948333_4_20260703T133256Z.jpg | N99: =VLOOKUP(склад2въезд[[#This Row],[Name]], СпрСобытий!$F:$G, 2, FALSE) -> Въезд на базу
A100: пт | B100: 46206 | C100: 0.61896991 | D100: Выезд со второстепенной дороги | E100: Lada Largus, темный | I100: GA3948333_4_20260703T145119Z.jpg | J100: C:\ВИДЕОНАБЛЮДЕНИЕ\1 Въезд на базу\ | K100: 1 Въезд на базу\GA3948333_4_20260703T145119Z.jpg | L100: пт 03.07.2026 — 14:51:19 | M100: =HYPERLINK(склад2въезд[[#This Row],[RelativePath]]) -> 1 Въезд на базу\GA3948333_4_20260703T145119Z.jpg | N100: =VLOOKUP(склад2въезд[[#This Row],[Name]], СпрСобытий!$F:$G, 2, FALSE) -> Въезд на базу
...

Sheet 2 Поката пилорама
A1: День нед | B1: Дата | C1: Время | D1: Событие | E1: Объект | F1: Груз | G1: Кол-во | H1: Примечание | I1: Name | J1: Folder Path | K1: RelativePath | L1: Подпись | M1: Ссылка на фото
A2: пт | B2: 46171 | C2: 0.490625 | D2: Проезд | E2: Газель фургон, голубая кабина, серый тент | F2: инструменты | I2: GA3948333_8_20260529T114630Z.jpg | J2: C:\ВИДЕОНАБЛЮДЕНИЕ\2 Поката пилорама\ | K2: 2 Поката пилорама\GA3948333_8_20260529T114630Z.jpg | L2: пт 29.05.2026 — 11:46:30 | M2: =HYPERLINK(склад2въезд14[[#This Row],[RelativePath]]) -> 2 Поката пилорама\GA3948333_8_20260529T114630Z.jpg
A3: пт | B3: 46171 | C3: 0.50106481 | D3: Загрузка | E3: Газель фургон, голубая кабина, серый тент | F3: доски | H3: стоит в слепой зоне | I3: GA3948333_8_20260529T120132Z.jpg | J3: C:\ВИДЕОНАБЛЮДЕНИЕ\2 Поката пилорама\ | K3: 2 Поката пилорама\GA3948333_8_20260529T120132Z.jpg | L3: пт 29.05.2026 — 12:01:32 | M3: =HYPERLINK(склад2въезд14[[#This Row],[RelativePath]]) -> 2 Поката пилорама\GA3948333_8_20260529T120132Z.jpg
A4: пт | B4: 46171 | C4: 0.50113426 | D4: Загрузка | E4: Газель фургон, голубая кабина, серый тент | F4: доски | I4: GA3948333_8_20260529T120138Z.jpg | J4: C:\ВИДЕОНАБЛЮДЕНИЕ\2 Поката пилорама\ | K4: 2 Поката пилорама\GA3948333_8_20260529T120138Z.jpg | L4: пт 29.05.2026 — 12:01:38 | M4: =HYPERLINK(склад2въезд14[[#This Row],[RelativePath]]) -> 2 Поката пилорама\GA3948333_8_20260529T120138Z.jpg
A5: пт | B5: 46171 | C5: 0.50116898 | D5: Загрузка | E5: Газель фургон, голубая кабина, серый тент | F5: доски | I5: GA3948333_8_20260529T120141Z.jpg | J5: C:\ВИДЕОНАБЛЮДЕНИЕ\2 Поката пилорама\ | K5: 2 Поката пилорама\GA3948333_8_20260529T120141Z.jpg | L5: пт 29.05.2026 — 12:01:41 | M5: =HYPERLINK(склад2въезд14[[#This Row],[RelativePath]]) -> 2 Поката пилорама\GA3948333_8_20260529T120141Z.jpg
A6: пт | B6: 46171 | C6: 0.51355324 | D6: Загрузка | E6: Газель фургон, голубая кабина, серый тент | F6: доски | I6: GA3948333_8_20260529T121931Z.jpg | J6: C:\ВИДЕОНАБЛЮДЕНИЕ\2 Поката пилорама\ | K6: 2 Поката пилорама\GA3948333_8_20260529T121931Z.jpg | L6: пт 29.05.2026 — 12:19:31 | M6: =HYPERLINK(склад2въезд14[[#This Row],[RelativePath]]) -> 2 Поката пилорама\GA3948333_8_20260529T121931Z.jpg
A7: пт | B7: 46171 | C7: 0.52373843 | D7: Загрузка | E7: Газель фургон, голубая кабина, серый тент | F7: доски | I7: GA3948333_8_20260529T123411Z.jpg | J7: C:\ВИДЕОНАБЛЮДЕНИЕ\2 Поката пилорама\ | K7: 2 Поката пилорама\GA3948333_8_20260529T123411Z.jpg | L7: пт 29.05.2026 — 12:34:11 | M7: =HYPERLINK(склад2въезд14[[#This Row],[RelativePath]]) -> 2 Поката пилорама\GA3948333_8_20260529T123411Z.jpg
A8: пт | B8: 46171 | C8: 0.52903935 | D8: Загрузка | E8: Газель фургон, голубая кабина, серый тент | F8: доски | I8: GA3948333_8_20260529T124149Z.jpg | J8: C:\ВИДЕОНАБЛЮДЕНИЕ\2 Поката пилорама\ | K8: 2 Поката пилорама\GA3948333_8_20260529T124149Z.jpg | L8: пт 29.05.2026 — 12:41:49 | M8: =HYPERLINK(склад2въезд14[[#This Row],[RelativePath]]) -> 2 Поката пилорама\GA3948333_8_20260529T124149Z.jpg
A9: пт | B9: 46171 | C9: 0.69836806 | D9: Проезд | E9: Газель фургон, голубая кабина, серый тент | F9: доски | I9: GA3948333_8_20260529T164539Z.jpg | J9: C:\ВИДЕОНАБЛЮДЕНИЕ\2 Поката пилорама\ | K9: 2 Поката пилорама\GA3948333_8_20260529T164539Z.jpg | L9: пт 29.05.2026 — 16:45:39 | M9: =HYPERLINK(склад2въезд14[[#This Row],[RelativePath]]) -> 2 Поката пилорама\GA3948333_8_20260529T164539Z.jpg
A10: пт | B10: 46171 | C10: 0.69841435 | D10: Проезд | E10: Газель фургон, голубая кабина, серый тент | F10: доски | H10: динамика | I10: GA3948333_8_20260529T164543Z.jpg | J10: C:\ВИДЕОНАБЛЮДЕНИЕ\2 Поката пилорама\ | K10: 2 Поката пилорама\GA3948333_8_20260529T164543Z.jpg | L10: пт 29.05.2026 — 16:45:43 | M10: =HYPERLINK(склад2въезд14[[#This Row],[RelativePath]]) -> 2 Поката пилорама\GA3948333_8_20260529T164543Z.jpg
A11: пт | B11: 46171 | C11: 0.7087037 | D11: Загрузка | E11: Газель фургон, голубая кабина, серый тент | F11: доски | H11: стоит в слепой зоне | I11: GA3948333_8_20260529T170032Z.jpg | J11: C:\ВИДЕОНАБЛЮДЕНИЕ\2 Поката пилорама\ | K11: 2 Поката пилорама\GA3948333_8_20260529T170032Z.jpg | L11: пт 29.05.2026 — 17:00:32 | M11: =HYPERLINK(склад2въезд14[[#This Row],[RelativePath]]) -> 2 Поката пилорама\GA3948333_8_20260529T170032Z.jpg
A12: пт | B12: 46171 | C12: 0.70887731 | D12: Загрузка | E12: Газель фургон, голубая кабина, серый тент | F12: доски | I12: GA3948333_8_20260529T170047Z.jpg | J12: C:\ВИДЕОНАБЛЮДЕНИЕ\2 Поката пилорама\ | K12: 2 Поката пилорама\GA3948333_8_20260529T170047Z.jpg | L12: пт 29.05.2026 — 17:00:47 | M12: =HYPERLINK(склад2въезд14[[#This Row],[RelativePath]]) -> 2 Поката пилорама\GA3948333_8_20260529T170047Z.jpg
A13: пт | B13: 46171 | C13: 0.71196759 | D13: Загрузка | E13: Газель фургон, голубая кабина, серый тент | F13: доски | I13: GA3948333_8_20260529T170514Z.jpg | J13: C:\ВИДЕОНАБЛЮДЕНИЕ\2 Поката пилорама\ | K13: 2 Поката пилорама\GA3948333_8_20260529T170514Z.jpg | L13: пт 29.05.2026 — 17:05:14 | M13: =HYPERLINK(склад2въезд14[[#This Row],[RelativePath]]) -> 2 Поката пилорама\GA3948333_8_20260529T170514Z.jpg
A14: сб | B14: 46172 | C14: 0.78547454 | D14: Убытие | E14: Газель фургон, голубая кабина, серый тент | F14: доски | I14: GA3948333_8_20260530T185105Z.jpg | J14: C:\ВИДЕОНАБЛЮДЕНИЕ\2 Поката пилорама\ | K14: 2 Поката пилорама\GA3948333_8_20260530T185105Z.jpg | L14: сб 30.05.2026 — 18:51:05 | M14: =HYPERLINK(склад2въезд14[[#This Row],[RelativePath]]) -> 2 Поката пилорама\GA3948333_8_20260530T185105Z.jpg
A15: вс | B15: 46173 | C15: 0.76332176 | D15: без событий | E15: Территория | I15: GA3948333_8_20260531T181911Z.jpg | J15: C:\ВИДЕОНАБЛЮДЕНИЕ\2 Поката пилорама\ | K15: 2 Поката пилорама\GA3948333_8_20260531T181911Z.jpg | L15: вс 31.05.2026 — 18:19:11 | M15: =HYPERLINK(склад2въезд14[[#This Row],[RelativePath]]) -> 2 Поката пилорама\GA3948333_8_20260531T181911Z.jpg
A16: пн | B16: 46174 | C16: 0.72412037 | D16: без событий | E16: Территория | I16: GA3948333_8_20260601T172244Z.jpg | J16: C:\ВИДЕОНАБЛЮДЕНИЕ\2 Поката пилорама\ | K16: 2 Поката пилорама\GA3948333_8_20260601T172244Z.jpg | L16: пн 01.06.2026 — 17:22:44 | M16: =HYPERLINK(склад2въезд14[[#This Row],[RelativePath]]) -> 2 Поката пилорама\GA3948333_8_20260601T172244Z.jpg
A17: вт | B17: 46175 | C17: 0.70888889 | D17: без событий | E17: Территория | I17: GA3948333_8_20260602T170048Z.jpg | J17: C:\ВИДЕОНАБЛЮДЕНИЕ\2 Поката пилорама\ | K17: 2 Поката пилорама\GA3948333_8_20260602T170048Z.jpg | L17: вт 02.06.2026 — 17:00:48 | M17: =HYPERLINK(склад2въезд14[[#This Row],[RelativePath]]) -> 2 Поката пилорама\GA3948333_8_20260602T170048Z.jpg
A18: ср | B18: 46176 | C18: 0.66850694 | D18: Проезд | E18: Рено логан серый, с прицепом | F18: мешок с опилками | G18: 1 | I18: GA3948333_8_20260603T160239Z.jpg | J18: C:\ВИДЕОНАБЛЮДЕНИЕ\2 Поката пилорама\ | K18: 2 Поката пилорама\GA3948333_8_20260603T160239Z.jpg | L18: ср 03.06.2026 — 16:02:39 | M18: =HYPERLINK(склад2въезд14[[#This Row],[RelativePath]]) -> 2 Поката пилорама\GA3948333_8_20260603T160239Z.jpg
A19: чт | B19: 46177 | C19: 0.42030093 | D19: Доставка бревна | E19: Трактор базы | G19: 1 | I19: GA3948333_8_20260604T100514Z.jpg | J19: C:\ВИДЕОНАБЛЮДЕНИЕ\2 Поката пилорама\ | K19: 2 Поката пилорама\GA3948333_8_20260604T100514Z.jpg | L19: чт 04.06.2026 — 10:05:14 | M19: =HYPERLINK(склад2въезд14[[#This Row],[RelativePath]]) -> 2 Поката пилорама\GA3948333_8_20260604T100514Z.jpg
A20: чт | B20: 46177 | C20: 0.47967593 | D20: Доставка бревна | E20: Трактор базы | G20: 1 | I20: GA3948333_8_20260604T113044Z.jpg | J20: C:\ВИДЕОНАБЛЮДЕНИЕ\2 Поката пилорама\ | K20: 2 Поката пилорама\GA3948333_8_20260604T113044Z.jpg | L20: чт 04.06.2026 — 11:30:44 | M20: =HYPERLINK(склад2въезд14[[#This Row],[RelativePath]]) -> 2 Поката пилорама\GA3948333_8_20260604T113044Z.jpg
A21: чт | B21: 46177 | C21: 0.68350694 | D21: Доставка бревна | E21: Трактор базы | G21: 1 | I21: GA3948333_8_20260604T162415Z.jpg | J21: C:\ВИДЕОНАБЛЮДЕНИЕ\2 Поката пилорама\ | K21: 2 Поката пилорама\GA3948333_8_20260604T162415Z.jpg | L21: чт 04.06.2026 — 16:24:15 | M21: =HYPERLINK(склад2въезд14[[#This Row],[RelativePath]]) -> 2 Поката пилорама\GA3948333_8_20260604T162415Z.jpg
A22: чт | B22: 46177 | C22: 0.68725694 | D22: Доставка бревна | E22: Трактор базы | G22: 1 | I22: GA3948333_8_20260604T162939Z.jpg | J22: C:\ВИДЕОНАБЛЮДЕНИЕ\2 Поката пилорама\ | K22: 2 Поката пилорама\GA3948333_8_20260604T162939Z.jpg | L22: чт 04.06.2026 — 16:29:39 | M22: =HYPERLINK(склад2въезд14[[#This Row],[RelativePath]]) -> 2 Поката пилорама\GA3948333_8_20260604T162939Z.jpg
A23: чт | B23: 46177 | C23: 0.69127315 | D23: Доставка бревна | E23: Трактор базы | G23: 1 | I23: GA3948333_8_20260604T163526Z.jpg | J23: C:\ВИДЕОНАБЛЮДЕНИЕ\2 Поката пилорама\ | K23: 2 Поката пилорама\GA3948333_8_20260604T163526Z.jpg | L23: чт 04.06.2026 — 16:35:26 | M23: =HYPERLINK(склад2въезд14[[#This Row],[RelativePath]]) -> 2 Поката пилорама\GA3948333_8_20260604T163526Z.jpg
A24: пт | B24: 46178 | C24: 0.37134259 | D24: Доставка отрезка бревна | E24: Трактор базы | G24: 1 | I24: GA3948333_8_20260605T085444Z.jpg | J24: C:\ВИДЕОНАБЛЮДЕНИЕ\2 Поката пилорама\ | K24: 2 Поката пилорама\GA3948333_8_20260605T085444Z.jpg | L24: пт 05.06.2026 — 08:54:44 | M24: =HYPERLINK(склад2въезд14[[#This Row],[RelativePath]]) -> 2 Поката пилорама\GA3948333_8_20260605T085444Z.jpg
A25: пт | B25: 46178 | C25: 0.37472222 | D25: Доставка отрезка бревна | E25: Трактор базы | G25: 1 | I25: GA3948333_8_20260605T085936Z.jpg | J25: C:\ВИДЕОНАБЛЮДЕНИЕ\2 Поката пилорама\ | K25: 2 Поката пилорама\GA3948333_8_20260605T085936Z.jpg | L25: пт 05.06.2026 — 08:59:36 | M25: =HYPERLINK(склад2въезд14[[#This Row],[RelativePath]]) -> 2 Поката пилорама\GA3948333_8_20260605T085936Z.jpg
A26: пт | B26: 46178 | C26: 0.37982639 | D26: Доставка отрезка бревна | E26: Трактор базы | G26: 2 | I26: GA3948333_8_20260605T090657Z.jpg | J26: C:\ВИДЕОНАБЛЮДЕНИЕ\2 Поката пилорама\ | K26: 2 Поката пилорама\GA3948333_8_20260605T090657Z.jpg | L26: пт 05.06.2026 — 09:06:57 | M26: =HYPERLINK(склад2въезд14[[#This Row],[RelativePath]]) -> 2 Поката пилорама\GA3948333_8_20260605T090657Z.jpg
A27: пт | B27: 46178 | C27: 0.38429398 | D27: Доставка отрезка бревна | E27: Трактор базы | G27: 1 | I27: GA3948333_8_20260605T091323Z.jpg | J27: C:\ВИДЕОНАБЛЮДЕНИЕ\2 Поката пилорама\ | K27: 2 Поката пилорама\GA3948333_8_20260605T091323Z.jpg | L27: пт 05.06.2026 — 09:13:23 | M27: =HYPERLINK(склад2въезд14[[#This Row],[RelativePath]]) -> 2 Поката пилорама\GA3948333_8_20260605T091323Z.jpg
A28: сб | B28: 46179 | C28: 0.21457176 | D28: Загрузка | E28: Нива, с прицепом | F28: доски | G28: 2 | I28: GA3948333_8_20260606T050859Z.jpg | J28: C:\ВИДЕОНАБЛЮДЕНИЕ\2 Поката пилорама\ | K28: 2 Поката пилорама\GA3948333_8_20260606T050859Z.jpg | L28: сб 06.06.2026 — 05:08:59 | M28: =HYPERLINK(склад2въезд14[[#This Row],[RelativePath]]) -> 2 Поката пилорама\GA3948333_8_20260606T050859Z.jpg
A29: сб | B29: 46179 | C29: 0.79483796 | D29: без событий | E29: Территория | I29: GA3948333_8_20260606T190434Z.jpg | J29: C:\ВИДЕОНАБЛЮДЕНИЕ\2 Поката пилорама\ | K29: 2 Поката пилорама\GA3948333_8_20260606T190434Z.jpg | L29: сб 06.06.2026 — 19:04:34 | M29: =HYPERLINK(склад2въезд14[[#This Row],[RelativePath]]) -> 2 Поката пилорама\GA3948333_8_20260606T190434Z.jpg
A30: вс | B30: 46180 | C30: 0.59880787 | D30: Загрузка | E30: Нива, с прицепом | F30: доски | I30: GA3948333_8_20260607T142217Z.jpg | J30: C:\ВИДЕОНАБЛЮДЕНИЕ\2 Поката пилорама\ | K30: 2 Поката пилорама\GA3948333_8_20260607T142217Z.jpg | L30: вс 07.06.2026 — 14:22:17 | M30: =HYPERLINK(склад2въезд14[[#This Row],[RelativePath]]) -> 2 Поката пилорама\GA3948333_8_20260607T142217Z.jpg
A31: вс | B31: 46180 | C31: 0.61900463 | D31: Убытие | E31: Нива, с прицепом | F31: доски | I31: GA3948333_8_20260607T145122Z.jpg | J31: C:\ВИДЕОНАБЛЮДЕНИЕ\2 Поката пилорама\ | K31: 2 Поката пилорама\GA3948333_8_20260607T145122Z.jpg | L31: вс 07.06.2026 — 14:51:22 | M31: =HYPERLINK(склад2въезд14[[#This Row],[RelativePath]]) -> 2 Поката пилорама\GA3948333_8_20260607T145122Z.jpg
A32: пн | B32: 46181 | C32: 0.65924769 | D32: Вывоз отрезков бревен | E32: Трактор базы | I32: GA3948333_8_20260608T154919Z.jpg | J32: C:\ВИДЕОНАБЛЮДЕНИЕ\2 Поката пилорама\ | K32: 2 Поката пилорама\GA3948333_8_20260608T154919Z.jpg | L32: пн 08.06.2026 — 15:49:19 | M32: =HYPERLINK(склад2въезд14[[#This Row],[RelativePath]]) -> 2 Поката пилорама\GA3948333_8_20260608T154919Z.jpg
A33: пн | B33: 46181 | C33: 0.65944444 | D33: Вывоз отрезков бревен | E33: Трактор базы | H33: динамика | I33: GA3948333_8_20260608T154936Z.jpg | J33: C:\ВИДЕОНАБЛЮДЕНИЕ\2 Поката пилорама\ | K33: 2 Поката пилорама\GA3948333_8_20260608T154936Z.jpg | L33: пн 08.06.2026 — 15:49:36 | M33: =HYPERLINK(склад2въезд14[[#This Row],[RelativePath]]) -> 2 Поката пилорама\GA3948333_8_20260608T154936Z.jpg
A34: пн | B34: 46181 | C34: 0.72944444 | D34: Загрузка | E34: Газель, белая кабина, разодранный тент | F34: доски | I34: GA3948333_8_20260608T173024Z.jpg | J34: C:\ВИДЕОНАБЛЮДЕНИЕ\2 Поката пилорама\ | K34: 2 Поката пилорама\GA3948333_8_20260608T173024Z.jpg | L34: пн 08.06.2026 — 17:30:24 | M34: =HYPERLINK(склад2въезд14[[#This Row],[RelativePath]]) -> 2 Поката пилорама\GA3948333_8_20260608T173024Z.jpg
A35: пн | B35: 46181 | C35: 0.73622685 | D35: Загрузка | E35: Газель, белая кабина, разодранный тент | F35: доски | I35: GA3948333_8_20260608T174010Z.jpg | J35: C:\ВИДЕОНАБЛЮДЕНИЕ\2 Поката пилорама\ | K35: 2 Поката пилорама\GA3948333_8_20260608T174010Z.jpg | L35: пн 08.06.2026 — 17:40:10 | M35: =HYPERLINK(склад2въезд14[[#This Row],[RelativePath]]) -> 2 Поката пилорама\GA3948333_8_20260608T174010Z.jpg
A36: вт | B36: 46182 | C36: 0.85945602 | D36: без событий | E36: Территория | I36: GA3948333_8_20260609T203737Z.jpg | J36: C:\ВИДЕОНАБЛЮДЕНИЕ\2 Поката пилорама\ | K36: 2 Поката пилорама\GA3948333_8_20260609T203737Z.jpg | L36: вт 09.06.2026 — 20:37:37 | M36: =HYPERLINK(склад2въезд14[[#This Row],[RelativePath]]) -> 2 Поката пилорама\GA3948333_8_20260609T203737Z.jpg
A37: ср | B37: 46183 | C37: 0.75836806 | D37: без событий | E37: Территория | I37: GA3948333_8_20260610T181203Z.jpg | J37: C:\ВИДЕОНАБЛЮДЕНИЕ\2 Поката пилорама\ | K37: 2 Поката пилорама\GA3948333_8_20260610T181203Z.jpg | L37: ср 10.06.2026 — 18:12:03 | M37: =HYPERLINK(склад2въезд14[[#This Row],[RelativePath]]) -> 2 Поката пилорама\GA3948333_8_20260610T181203Z.jpg
A38: чт | B38: 46184 | C38: 0.76078704 | D38: без событий | E38: Территория | I38: GA3948333_8_20260611T181532Z.jpg | J38: C:\ВИДЕОНАБЛЮДЕНИЕ\2 Поката пилорама\ | K38: 2 Поката пилорама\GA3948333_8_20260611T181532Z.jpg | L38: чт 11.06.2026 — 18:15:32 | M38: =HYPERLINK(склад2въезд14[[#This Row],[RelativePath]]) -> 2 Поката пилорама\GA3948333_8_20260611T181532Z.jpg
A39: пт | B39: 46185 | C39: 0.25349537 | D39: Проезд | E39: Нива, с прицепом | F39: порожний | I39: GA3948333_8_20260612T060502Z.jpg | J39: C:\ВИДЕОНАБЛЮДЕНИЕ\2 Поката пилорама\ | K39: 2 Поката пилорама\GA3948333_8_20260612T060502Z.jpg | L39: пт 12.06.2026 — 06:05:02 | M39: =HYPERLINK(склад2въезд14[[#This Row],[RelativePath]]) -> 2 Поката пилорама\GA3948333_8_20260612T060502Z.jpg
A40: пт | B40: 46185 | C40: 0.26603009 | D40: Обратный проезд | E40: Нива, с прицепом | F40: доски | I40: GA3948333_8_20260612T062305Z.jpg | J40: C:\ВИДЕОНАБЛЮДЕНИЕ\2 Поката пилорама\ | K40: 2 Поката пилорама\GA3948333_8_20260612T062305Z.jpg | L40: пт 12.06.2026 — 06:23:05 | M40: =HYPERLINK(склад2въезд14[[#This Row],[RelativePath]]) -> 2 Поката пилорама\GA3948333_8_20260612T062305Z.jpg
A41: пт | B41: 46185 | C41: 0.63226852 | D41: Доставка бревна | E41: Трактор базы | G41: 2 | I41: GA3948333_8_20260612T151028Z.jpg | J41: C:\ВИДЕОНАБЛЮДЕНИЕ\2 Поката пилорама\ | K41: 2 Поката пилорама\GA3948333_8_20260612T151028Z.jpg | L41: пт 12.06.2026 — 15:10:28 | M41: =HYPERLINK(склад2въезд14[[#This Row],[RelativePath]]) -> 2 Поката пилорама\GA3948333_8_20260612T151028Z.jpg
A42: пт | B42: 46185 | C42: 0.63599537 | D42: Доставка бревна | E42: Трактор базы | G42: 4 | I42: GA3948333_8_20260612T151550Z.jpg | J42: C:\ВИДЕОНАБЛЮДЕНИЕ\2 Поката пилорама\ | K42: 2 Поката пилорама\GA3948333_8_20260612T151550Z.jpg | L42: пт 12.06.2026 — 15:15:50 | M42: =HYPERLINK(склад2въезд14[[#This Row],[RelativePath]]) -> 2 Поката пилорама\GA3948333_8_20260612T151550Z.jpg
A43: пт | B43: 46185 | C43: 0.63953704 | D43: Доставка бревна | E43: Трактор базы | G43: 3 | I43: GA3948333_8_20260612T152056Z.jpg | J43: C:\ВИДЕОНАБЛЮДЕНИЕ\2 Поката пилорама\ | K43: 2 Поката пилорама\GA3948333_8_20260612T152056Z.jpg | L43: пт 12.06.2026 — 15:20:56 | M43: =HYPERLINK(склад2въезд14[[#This Row],[RelativePath]]) -> 2 Поката пилорама\GA3948333_8_20260612T152056Z.jpg
A44: пт | B44: 46185 | C44: 0.64329861 | D44: Доставка бревна | E44: Трактор базы | G44: 2 | I44: GA3948333_8_20260612T152621Z.jpg | J44: C:\ВИДЕОНАБЛЮДЕНИЕ\2 Поката пилорама\ | K44: 2 Поката пилорама\GA3948333_8_20260612T152621Z.jpg | L44: пт 12.06.2026 — 15:26:21 | M44: =HYPERLINK(склад2въезд14[[#This Row],[RelativePath]]) -> 2 Поката пилорама\GA3948333_8_20260612T152621Z.jpg
A45: сб | B45: 46186 | C45: 0.75641204 | D45: без событий | E45: Территория | I45: GA3948333_8_20260613T180914Z.jpg | J45: C:\ВИДЕОНАБЛЮДЕНИЕ\2 Поката пилорама\ | K45: 2 Поката пилорама\GA3948333_8_20260613T180914Z.jpg | L45: сб 13.06.2026 — 18:09:14 | M45: =HYPERLINK(склад2въезд14[[#This Row],[RelativePath]]) -> 2 Поката пилорама\GA3948333_8_20260613T180914Z.jpg
A46: вс | B46: 46187 | C46: 0.75649306 | D46: без событий | E46: Территория | I46: GA3948333_8_20260614T180921Z.jpg | J46: C:\ВИДЕОНАБЛЮДЕНИЕ\2 Поката пилорама\ | K46: 2 Поката пилорама\GA3948333_8_20260614T180921Z.jpg | L46: вс 14.06.2026 — 18:09:21 | M46: =HYPERLINK(склад2въезд14[[#This Row],[RelativePath]]) -> 2 Поката пилорама\GA3948333_8_20260614T180921Z.jpg
A47: пн | B47: 46188 | C47: 0.73760417 | D47: без событий | E47: Территория | I47: GA3948333_8_20260615T174209Z.jpg | J47: C:\ВИДЕОНАБЛЮДЕНИЕ\2 Поката пилорама\ | K47: 2 Поката пилорама\GA3948333_8_20260615T174209Z.jpg | L47: пн 15.06.2026 — 17:42:09 | M47: =HYPERLINK(склад2въезд14[[#This Row],[RelativePath]]) -> 2 Поката пилорама\GA3948333_8_20260615T174209Z.jpg
A48: вт | B48: 46189 | C48: 0.42008102 | D48: Доставка бревна | E48: Трактор базы | G48: 4 | H48: окно приема бревен | I48: GA3948333_8_20260616T100455Z.jpg | J48: C:\ВИДЕОНАБЛЮДЕНИЕ\2 Поката пилорама\ | K48: 2 Поката пилорама\GA3948333_8_20260616T100455Z.jpg | L48: вт 16.06.2026 — 10:04:55 | M48: =HYPERLINK(склад2въезд14[[#This Row],[RelativePath]]) -> 2 Поката пилорама\GA3948333_8_20260616T100455Z.jpg
A49: вт | B49: 46189 | C49: 0.42496528 | D49: Доставка бревна | E49: Трактор базы | G49: 3 | H49: окно приема бревен | I49: GA3948333_8_20260616T101157Z.jpg | J49: C:\ВИДЕОНАБЛЮДЕНИЕ\2 Поката пилорама\ | K49: 2 Поката пилорама\GA3948333_8_20260616T101157Z.jpg | L49: вт 16.06.2026 — 10:11:57 | M49: =HYPERLINK(склад2въезд14[[#This Row],[RelativePath]]) -> 2 Поката пилорама\GA3948333_8_20260616T101157Z.jpg
A50: вт | B50: 46189 | C50: 0.4312963 | D50: Доставка бревна | E50: Трактор базы | G50: 4 | H50: окно приема бревен | I50: GA3948333_8_20260616T102104Z.jpg | J50: C:\ВИДЕОНАБЛЮДЕНИЕ\2 Поката пилорама\ | K50: 2 Поката пилорама\GA3948333_8_20260616T102104Z.jpg | L50: вт 16.06.2026 — 10:21:04 | M50: =HYPERLINK(склад2въезд14[[#This Row],[RelativePath]]) -> 2 Поката пилорама\GA3948333_8_20260616T102104Z.jpg
A51: вт | B51: 46189 | C51: 0.66585648 | D51: Загрузка | E51: Лада Приора, темная | F51: мешки с опилками | G51: 1 | I51: GA3948333_8_20260616T155850Z.jpg | J51: C:\ВИДЕОНАБЛЮДЕНИЕ\2 Поката пилорама\ | K51: 2 Поката пилорама\GA3948333_8_20260616T155850Z.jpg | L51: вт 16.06.2026 — 15:58:50 | M51: =HYPERLINK(склад2въезд14[[#This Row],[RelativePath]]) -> 2 Поката пилорама\GA3948333_8_20260616T155850Z.jpg
A52: вт | B52: 46189 | C52: 0.66640046 | D52: Загрузка | E52: Лада Приора, темная | F52: мешки с опилками | G52: 2 | I52: GA3948333_8_20260616T155937Z.jpg | J52: C:\ВИДЕОНАБЛЮДЕНИЕ\2 Поката пилорама\ | K52: 2 Поката пилорама\GA3948333_8_20260616T155937Z.jpg | L52: вт 16.06.2026 — 15:59:37 | M52: =HYPERLINK(склад2въезд14[[#This Row],[RelativePath]]) -> 2 Поката пилорама\GA3948333_8_20260616T155937Z.jpg
A53: ср | B53: 46190 | C53: 0.24978009 | D53: Загрузка | E53: Нива, с прицепом | F53: доски | I53: GA3948333_8_20260617T055941Z.jpg | J53: C:\ВИДЕОНАБЛЮДЕНИЕ\2 Поката пилорама\ | K53: 2 Поката пилорама\GA3948333_8_20260617T055941Z.jpg | L53: ср 17.06.2026 — 05:59:41 | M53: =HYPERLINK(склад2въезд14[[#This Row],[RelativePath]]) -> 2 Поката пилорама\GA3948333_8_20260617T055941Z.jpg
A54: ср | B54: 46190 | C54: 0.5559838 | D54: Проезд | E54: Нива | I54: GA3948333_8_20260617T132037Z.jpg | J54: C:\ВИДЕОНАБЛЮДЕНИЕ\2 Поката пилорама\ | K54: 2 Поката пилорама\GA3948333_8_20260617T132037Z.jpg | L54: ср 17.06.2026 — 13:20:37 | M54: =HYPERLINK(склад2въезд14[[#This Row],[RelativePath]]) -> 2 Поката пилорама\GA3948333_8_20260617T132037Z.jpg
A55: ср | B55: 46190 | C55: 0.66615741 | D55: Загрузка | E55: Газель, белая кабина, разодранный тент | F55: опилки | I55: GA3948333_8_20260617T155916Z.jpg | J55: C:\ВИДЕОНАБЛЮДЕНИЕ\2 Поката пилорама\ | K55: 2 Поката пилорама\GA3948333_8_20260617T155916Z.jpg | L55: ср 17.06.2026 — 15:59:16 | M55: =HYPERLINK(склад2въезд14[[#This Row],[RelativePath]]) -> 2 Поката пилорама\GA3948333_8_20260617T155916Z.jpg
A56: ср | B56: 46190 | C56: 0.6915162 | D56: Проезд задним ходом | E56: Газель, белая кабина, разодранный тент | F56: опилки | I56: GA3948333_8_20260617T163547Z.jpg | J56: C:\ВИДЕОНАБЛЮДЕНИЕ\2 Поката пилорама\ | K56: 2 Поката пилорама\GA3948333_8_20260617T163547Z.jpg | L56: ср 17.06.2026 — 16:35:47 | M56: =HYPERLINK(склад2въезд14[[#This Row],[RelativePath]]) -> 2 Поката пилорама\GA3948333_8_20260617T163547Z.jpg
A57: ср | B57: 46190 | C57: 0.69162037 | D57: Проезд задним ходом | E57: Газель, белая кабина, разодранный тент | F57: опилки | H57: слепая зона | I57: GA3948333_8_20260617T163556Z.jpg | J57: C:\ВИДЕОНАБЛЮДЕНИЕ\2 Поката пилорама\ | K57: 2 Поката пилорама\GA3948333_8_20260617T163556Z.jpg | L57: ср 17.06.2026 — 16:35:56 | M57: =HYPERLINK(склад2въезд14[[#This Row],[RelativePath]]) -> 2 Поката пилорама\GA3948333_8_20260617T163556Z.jpg
A58: чт | B58: 46191 | C58: 0.38493056 | D58: Доставка бревна | E58: Трактор базы | G58: 3 | H58: окно приема бревен | I58: GA3948333_8_20260618T091418Z.jpg | J58: C:\ВИДЕОНАБЛЮДЕНИЕ\2 Поката пилорама\ | K58: 2 Поката пилорама\GA3948333_8_20260618T091418Z.jpg | L58: чт 18.06.2026 — 09:14:18 | M58: =HYPERLINK(склад2въезд14[[#This Row],[RelativePath]]) -> 2 Поката пилорама\GA3948333_8_20260618T091418Z.jpg
A59: чт | B59: 46191 | C59: 0.38956019 | D59: Доставка бревна | E59: Трактор базы | G59: 4 | H59: окно приема бревен | I59: GA3948333_8_20260618T092058Z.jpg | J59: C:\ВИДЕОНАБЛЮДЕНИЕ\2 Поката пилорама\ | K59: 2 Поката пилорама\GA3948333_8_20260618T092058Z.jpg | L59: чт 18.06.2026 — 09:20:58 | M59: =HYPERLINK(склад2въезд14[[#This Row],[RelativePath]]) -> 2 Поката пилорама\GA3948333_8_20260618T092058Z.jpg
A60: чт | B60: 46191 | C60: 0.40180556 | D60: Доставка бревна | E60: Трактор базы | G60: 1 | H60: окно приема бревен | I60: GA3948333_8_20260618T093836Z.jpg | J60: C:\ВИДЕОНАБЛЮДЕНИЕ\2 Поката пилорама\ | K60: 2 Поката пилорама\GA3948333_8_20260618T093836Z.jpg | L60: чт 18.06.2026 — 09:38:36 | M60: =HYPERLINK(склад2въезд14[[#This Row],[RelativePath]]) -> 2 Поката пилорама\GA3948333_8_20260618T093836Z.jpg
A61: чт | B61: 46191 | C61: 0.40824074 | D61: Доставка бревна | E61: Трактор базы | G61: 1 | H61: окно приема бревен | I61: GA3948333_8_20260618T094752Z.jpg | J61: C:\ВИДЕОНАБЛЮДЕНИЕ\2 Поката пилорама\ | K61: 2 Поката пилорама\GA3948333_8_20260618T094752Z.jpg | L61: чт 18.06.2026 — 09:47:52 | M61: =HYPERLINK(склад2въезд14[[#This Row],[RelativePath]]) -> 2 Поката пилорама\GA3948333_8_20260618T094752Z.jpg
A62: чт | B62: 46191 | C62: 0.41744213 | D62: Доставка бревна | E62: Трактор базы | G62: 5 | H62: окно приема бревен | I62: GA3948333_8_20260618T100107Z.jpg | J62: C:\ВИДЕОНАБЛЮДЕНИЕ\2 Поката пилорама\ | K62: 2 Поката пилорама\GA3948333_8_20260618T100107Z.jpg | L62: чт 18.06.2026 — 10:01:07 | M62: =HYPERLINK(склад2въезд14[[#This Row],[RelativePath]]) -> 2 Поката пилорама\GA3948333_8_20260618T100107Z.jpg
A63: пт | B63: 46192 | C63: 0.34982639 | D63: Доставка бревна | E63: Трактор базы | G63: 2 | H63: окно приема бревен | I63: GA3948333_8_20260619T082345Z.jpg | J63: C:\ВИДЕОНАБЛЮДЕНИЕ\2 Поката пилорама\ | K63: 2 Поката пилорама\GA3948333_8_20260619T082345Z.jpg | L63: пт 19.06.2026 — 08:23:45 | M63: =HYPERLINK(склад2въезд14[[#This Row],[RelativePath]]) -> 2 Поката пилорама\GA3948333_8_20260619T082345Z.jpg
A64: пт | B64: 46192 | C64: 0.35612269 | D64: Доставка бревна | E64: Трактор базы | G64: 4 | H64: окно приема бревен | I64: GA3948333_8_20260619T083249Z.jpg | J64: C:\ВИДЕОНАБЛЮДЕНИЕ\2 Поката пилорама\ | K64: 2 Поката пилорама\GA3948333_8_20260619T083249Z.jpg | L64: пт 19.06.2026 — 08:32:49 | M64: =HYPERLINK(склад2въезд14[[#This Row],[RelativePath]]) -> 2 Поката пилорама\GA3948333_8_20260619T083249Z.jpg
A65: пт | B65: 46192 | C65: 0.36149306 | D65: Доставка бревна | E65: Трактор базы | G65: 4 | H65: окно приема бревен | I65: GA3948333_8_20260619T084033Z.jpg | J65: C:\ВИДЕОНАБЛЮДЕНИЕ\2 Поката пилорама\ | K65: 2 Поката пилорама\GA3948333_8_20260619T084033Z.jpg | L65: пт 19.06.2026 — 08:40:33 | M65: =HYPERLINK(склад2въезд14[[#This Row],[RelativePath]]) -> 2 Поката пилорама\GA3948333_8_20260619T084033Z.jpg
A66: пт | B66: 46192 | C66: 0.45013889 | D66: Доставка бревна | E66: Трактор базы | G66: 2 | H66: окно приема бревен | I66: GA3948333_8_20260619T104812Z.jpg | J66: C:\ВИДЕОНАБЛЮДЕНИЕ\2 Поката пилорама\ | K66: 2 Поката пилорама\GA3948333_8_20260619T104812Z.jpg | L66: пт 19.06.2026 — 10:48:12 | M66: =HYPERLINK(склад2въезд14[[#This Row],[RelativePath]]) -> 2 Поката пилорама\GA3948333_8_20260619T104812Z.jpg
A67: пт | B67: 46192 | C67: 0.45396991 | D67: Доставка бревна | E67: Трактор базы | G67: 2 | H67: окно приема бревен | I67: GA3948333_8_20260619T105343Z.jpg | J67: C:\ВИДЕОНАБЛЮДЕНИЕ\2 Поката пилорама\ | K67: 2 Поката пилорама\GA3948333_8_20260619T105343Z.jpg | L67: пт 19.06.2026 — 10:53:43 | M67: =HYPERLINK(склад2въезд14[[#This Row],[RelativePath]]) -> 2 Поката пилорама\GA3948333_8_20260619T105343Z.jpg
A68: пт | B68: 46192 | C68: 0.45900463 | D68: Доставка бревна | E68: Трактор базы | G68: 2 | H68: окно приема бревен | I68: GA3948333_8_20260619T110058Z.jpg | J68: C:\ВИДЕОНАБЛЮДЕНИЕ\2 Поката пилорама\ | K68: 2 Поката пилорама\GA3948333_8_20260619T110058Z.jpg | L68: пт 19.06.2026 — 11:00:58 | M68: =HYPERLINK(склад2въезд14[[#This Row],[RelativePath]]) -> 2 Поката пилорама\GA3948333_8_20260619T110058Z.jpg
A69: сб | B69: 46193 | C69: 0.6244213 | D69: Загрузка | E69: Нива, с прицепом | F69: доски | I69: GA3948333_8_20260620T145910Z.jpg | J69: C:\ВИДЕОНАБЛЮДЕНИЕ\2 Поката пилорама\ | K69: 2 Поката пилорама\GA3948333_8_20260620T145910Z.jpg | L69: сб 20.06.2026 — 14:59:10 | M69: =HYPERLINK(склад2въезд14[[#This Row],[RelativePath]]) -> 2 Поката пилорама\GA3948333_8_20260620T145910Z.jpg
A70: вс | B70: 46194 | C70: 0.7494213 | D70: Загрузка | E70: Нива, с прицепом | F70: доски | I70: GA3948333_8_20260621T175910Z.jpg | J70: C:\ВИДЕОНАБЛЮДЕНИЕ\2 Поката пилорама\ | K70: 2 Поката пилорама\GA3948333_8_20260621T175910Z.jpg | L70: вс 21.06.2026 — 17:59:10 | M70: =HYPERLINK(склад2въезд14[[#This Row],[RelativePath]]) -> 2 Поката пилорама\GA3948333_8_20260621T175910Z.jpg
A71: пн | B71: 46195 | C71: 0.63232639 | D71: Перемещение мешка с опилками | E71: Трактор базы | I71: GA3948333_8_20260622T151033Z.jpg | J71: C:\ВИДЕОНАБЛЮДЕНИЕ\2 Поката пилорама\ | K71: 2 Поката пилорама\GA3948333_8_20260622T151033Z.jpg | L71: пн 22.06.2026 — 15:10:33 | M71: =HYPERLINK(склад2въезд14[[#This Row],[RelativePath]]) -> 2 Поката пилорама\GA3948333_8_20260622T151033Z.jpg
A72: пн | B72: 46195 | C72: 0.72163194 | D72: без событий | E72: Территория | I72: GA3948333_8_20260622T171909Z.jpg | J72: C:\ВИДЕОНАБЛЮДЕНИЕ\2 Поката пилорама\ | K72: 2 Поката пилорама\GA3948333_8_20260622T171909Z.jpg | L72: пн 22.06.2026 — 17:19:09 | M72: =HYPERLINK(склад2въезд14[[#This Row],[RelativePath]]) -> 2 Поката пилорама\GA3948333_8_20260622T171909Z.jpg
A73: вт | B73: 46196 | C73: 0.25292824 | D73: Загрузка | E73: Нива, с прицепом | F73: доски | I73: GA3948333_8_20260623T060413Z.jpg | J73: C:\ВИДЕОНАБЛЮДЕНИЕ\2 Поката пилорама\ | K73: 2 Поката пилорама\GA3948333_8_20260623T060413Z.jpg | L73: вт 23.06.2026 — 06:04:13 | M73: =HYPERLINK(склад2въезд14[[#This Row],[RelativePath]]) -> 2 Поката пилорама\GA3948333_8_20260623T060413Z.jpg
A74: вт | B74: 46196 | C74: 0.8675 | D74: Загрузка | E74: Нива, с прицепом | F74: доски | I74: GA3948333_8_20260623T204912Z.jpg | J74: C:\ВИДЕОНАБЛЮДЕНИЕ\2 Поката пилорама\ | K74: 2 Поката пилорама\GA3948333_8_20260623T204912Z.jpg | L74: вт 23.06.2026 — 20:49:12 | M74: =HYPERLINK(склад2въезд14[[#This Row],[RelativePath]]) -> 2 Поката пилорама\GA3948333_8_20260623T204912Z.jpg
A75: вт | B75: 46196 | C75: 0.87201389 | D75: Загрузка | E75: Нива, с прицепом | F75: доски | I75: GA3948333_8_20260623T205542Z.jpg | J75: C:\ВИДЕОНАБЛЮДЕНИЕ\2 Поката пилорама\ | K75: 2 Поката пилорама\GA3948333_8_20260623T205542Z.jpg | L75: вт 23.06.2026 — 20:55:42 | M75: =HYPERLINK(склад2въезд14[[#This Row],[RelativePath]]) -> 2 Поката пилорама\GA3948333_8_20260623T205542Z.jpg
A76: ср | B76: 46197 | C76: 0.72408565 | D76: без событий | E76: Территория | I76: GA3948333_8_20260624T172241Z.jpg | J76: C:\ВИДЕОНАБЛЮДЕНИЕ\2 Поката пилорама\ | K76: 2 Поката пилорама\GA3948333_8_20260624T172241Z.jpg | L76: ср 24.06.2026 — 17:22:41 | M76: =HYPERLINK(склад2въезд14[[#This Row],[RelativePath]]) -> 2 Поката пилорама\GA3948333_8_20260624T172241Z.jpg
A77: чт | B77: 46198 | C77: 0.61863426 | D77: Доставка бревна | E77: Трактор базы | G77: 3 | H77: окно приема бревен | I77: GA3948333_8_20260625T145050Z.jpg | J77: C:\ВИДЕОНАБЛЮДЕНИЕ\2 Поката пилорама\ | K77: 2 Поката пилорама\GA3948333_8_20260625T145050Z.jpg | L77: чт 25.06.2026 — 14:50:50 | M77: =HYPERLINK(склад2въезд14[[#This Row],[RelativePath]]) -> 2 Поката пилорама\GA3948333_8_20260625T145050Z.jpg
A78: чт | B78: 46198 | C78: 0.62333333 | D78: Доставка бревна | E78: Трактор базы | G78: 3 | H78: окно приема бревен | I78: GA3948333_8_20260625T145736Z.jpg | J78: C:\ВИДЕОНАБЛЮДЕНИЕ\2 Поката пилорама\ | K78: 2 Поката пилорама\GA3948333_8_20260625T145736Z.jpg | L78: чт 25.06.2026 — 14:57:36 | M78: =HYPERLINK(склад2въезд14[[#This Row],[RelativePath]]) -> 2 Поката пилорама\GA3948333_8_20260625T145736Z.jpg
A79: чт | B79: 46198 | C79: 0.64431713 | D79: Доставка бревна | E79: Трактор базы | G79: 3 | H79: окно приема бревен | I79: GA3948333_8_20260625T152749Z.jpg | J79: C:\ВИДЕОНАБЛЮДЕНИЕ\2 Поката пилорама\ | K79: 2 Поката пилорама\GA3948333_8_20260625T152749Z.jpg | L79: чт 25.06.2026 — 15:27:49 | M79: =HYPERLINK(склад2въезд14[[#This Row],[RelativePath]]) -> 2 Поката пилорама\GA3948333_8_20260625T152749Z.jpg
A80: чт | B80: 46198 | C80: 0.69825231 | D80: Доставка бревна | E80: Трактор базы | G80: 2 | H80: окно приема бревен | I80: GA3948333_8_20260625T164529Z.jpg | J80: C:\ВИДЕОНАБЛЮДЕНИЕ\2 Поката пилорама\ | K80: 2 Поката пилорама\GA3948333_8_20260625T164529Z.jpg | L80: чт 25.06.2026 — 16:45:29 | M80: =HYPERLINK(склад2въезд14[[#This Row],[RelativePath]]) -> 2 Поката пилорама\GA3948333_8_20260625T164529Z.jpg
A81: чт | B81: 46198 | C81: 0.70417824 | D81: Доставка бревна | E81: Трактор базы | G81: 2 | H81: окно приема бревен | I81: GA3948333_8_20260625T165401Z.jpg | J81: C:\ВИДЕОНАБЛЮДЕНИЕ\2 Поката пилорама\ | K81: 2 Поката пилорама\GA3948333_8_20260625T165401Z.jpg | L81: чт 25.06.2026 — 16:54:01 | M81: =HYPERLINK(склад2въезд14[[#This Row],[RelativePath]]) -> 2 Поката пилорама\GA3948333_8_20260625T165401Z.jpg
A82: чт | B82: 46198 | C82: 0.70722222 | D82: Доставка бревна | E82: Трактор базы | G82: 2 | H82: окно приема бревен | I82: GA3948333_8_20260625T165824Z.jpg | J82: C:\ВИДЕОНАБЛЮДЕНИЕ\2 Поката пилорама\ | K82: 2 Поката пилорама\GA3948333_8_20260625T165824Z.jpg | L82: чт 25.06.2026 — 16:58:24 | M82: =HYPERLINK(склад2въезд14[[#This Row],[RelativePath]]) -> 2 Поката пилорама\GA3948333_8_20260625T165824Z.jpg
A83: пт | B83: 46199 | C83: 0.40856481 | D83: Доставка бревна | E83: Трактор базы | G83: 2 | H83: окно приема бревен | I83: GA3948333_8_20260626T094820Z.jpg | J83: C:\ВИДЕОНАБЛЮДЕНИЕ\2 Поката пилорама\ | K83: 2 Поката пилорама\GA3948333_8_20260626T094820Z.jpg | L83: пт 26.06.2026 — 09:48:20 | M83: =HYPERLINK(склад2въезд14[[#This Row],[RelativePath]]) -> 2 Поката пилорама\GA3948333_8_20260626T094820Z.jpg
A84: пт | B84: 46199 | C84: 0.55128472 | D84: Проезд | E84: Нива, с прицепом | F84: порожний | I84: GA3948333_8_20260626T131351Z.jpg | J84: C:\ВИДЕОНАБЛЮДЕНИЕ\2 Поката пилорама\ | K84: 2 Поката пилорама\GA3948333_8_20260626T131351Z.jpg | L84: пт 26.06.2026 — 13:13:51 | M84: =HYPERLINK(склад2въезд14[[#This Row],[RelativePath]]) -> 2 Поката пилорама\GA3948333_8_20260626T131351Z.jpg
A85: пт | B85: 46199 | C85: 0.56019676 | D85: Обратный проезд | E85: Нива, с прицепом | F85: доски | I85: GA3948333_8_20260626T132641Z.jpg | J85: C:\ВИДЕОНАБЛЮДЕНИЕ\2 Поката пилорама\ | K85: 2 Поката пилорама\GA3948333_8_20260626T132641Z.jpg | L85: пт 26.06.2026 — 13:26:41 | M85: =HYPERLINK(склад2въезд14[[#This Row],[RelativePath]]) -> 2 Поката пилорама\GA3948333_8_20260626T132641Z.jpg
A86: пт | B86: 46199 | C86: 0.56283565 | D86: Стоянка | E86: Нива, с прицепом | F86: доски | I86: GA3948333_8_20260626T133029Z.jpg | J86: C:\ВИДЕОНАБЛЮДЕНИЕ\2 Поката пилорама\ | K86: 2 Поката пилорама\GA3948333_8_20260626T133029Z.jpg | L86: пт 26.06.2026 — 13:30:29 | M86: =HYPERLINK(склад2въезд14[[#This Row],[RelativePath]]) -> 2 Поката пилорама\GA3948333_8_20260626T133029Z.jpg
A87: сб | B87: 46200 | C87: 0.84658565 | D87: без событий | E87: Территория | I87: GA3948333_8_20260627T201905Z.jpg | J87: C:\ВИДЕОНАБЛЮДЕНИЕ\2 Поката пилорама\ | K87: 2 Поката пилорама\GA3948333_8_20260627T201905Z.jpg | L87: сб 27.06.2026 — 20:19:05 | M87: =HYPERLINK(склад2въезд14[[#This Row],[RelativePath]]) -> 2 Поката пилорама\GA3948333_8_20260627T201905Z.jpg
A88: вс | B88: 46201 | C88: 0.86657407 | D88: без событий | E88: Территория | I88: GA3948333_8_20260628T204752Z.jpg | J88: C:\ВИДЕОНАБЛЮДЕНИЕ\2 Поката пилорама\ | K88: 2 Поката пилорама\GA3948333_8_20260628T204752Z.jpg | L88: вс 28.06.2026 — 20:47:52 | M88: =HYPERLINK(склад2въезд14[[#This Row],[RelativePath]]) -> 2 Поката пилорама\GA3948333_8_20260628T204752Z.jpg
A89: пн | B89: 46202 | C89: 0.45975694 | D89: Доставка бревна | E89: Трактор базы | G89: 1 | H89: окно приема бревен | I89: GA3948333_8_20260629T110203Z.jpg | J89: C:\ВИДЕОНАБЛЮДЕНИЕ\2 Поката пилорама\ | K89: 2 Поката пилорама\GA3948333_8_20260629T110203Z.jpg | L89: пн 29.06.2026 — 11:02:03 | M89: =HYPERLINK(склад2въезд14[[#This Row],[RelativePath]]) -> 2 Поката пилорама\GA3948333_8_20260629T110203Z.jpg
A90: вт | B90: 46203 | C90: 0.52743056 | D90: Стоянка | E90: Hyundai Mighty грузовой, белый | I90: GA3948333_8_20260630T123930Z.jpg | J90: C:\ВИДЕОНАБЛЮДЕНИЕ\2 Поката пилорама\ | K90: 2 Поката пилорама\GA3948333_8_20260630T123930Z.jpg | L90: вт 30.06.2026 — 12:39:30 | M90: =HYPERLINK(склад2въезд14[[#This Row],[RelativePath]]) -> 2 Поката пилорама\GA3948333_8_20260630T123930Z.jpg
A91: ср | B91: 46204 | C91: 0.65462963 | D91: Доставка досок | E91: Трактор базы | H91: окно приема бревен | I91: GA3948333_8_20260701T154240Z.jpg | J91: C:\ВИДЕОНАБЛЮДЕНИЕ\2 Поката пилорама\ | K91: 2 Поката пилорама\GA3948333_8_20260701T154240Z.jpg | L91: ср 01.07.2026 — 15:42:40 | M91: =HYPERLINK(склад2въезд14[[#This Row],[RelativePath]]) -> 2 Поката пилорама\GA3948333_8_20260701T154240Z.jpg
A92: ср | B92: 46204 | C92: 0.68168981 | D92: Доставка досок | E92: Трактор базы | H92: окно приема бревен | I92: GA3948333_8_20260701T162138Z.jpg | J92: C:\ВИДЕОНАБЛЮДЕНИЕ\2 Поката пилорама\ | K92: 2 Поката пилорама\GA3948333_8_20260701T162138Z.jpg | L92: ср 01.07.2026 — 16:21:38 | M92: =HYPERLINK(склад2въезд14[[#This Row],[RelativePath]]) -> 2 Поката пилорама\GA3948333_8_20260701T162138Z.jpg
A93: ср | B93: 46204 | C93: 0.68748843 | D93: Доставка досок | E93: Трактор базы | H93: окно приема бревен | I93: GA3948333_8_20260701T162959Z.jpg | J93: C:\ВИДЕОНАБЛЮДЕНИЕ\2 Поката пилорама\ | K93: 2 Поката пилорама\GA3948333_8_20260701T162959Z.jpg | L93: ср 01.07.2026 — 16:29:59 | M93: =HYPERLINK(склад2въезд14[[#This Row],[RelativePath]]) -> 2 Поката пилорама\GA3948333_8_20260701T162959Z.jpg
A94: чт | B94: 46205 | C94: 0.9037963 | D94: без событий | E94: Территория | I94: GA3948333_8_20260702T214128Z.jpg | J94: C:\ВИДЕОНАБЛЮДЕНИЕ\2 Поката пилорама\ | K94: 2 Поката пилорама\GA3948333_8_20260702T214128Z.jpg | L94: чт 02.07.2026 — 21:41:28 | M94: =HYPERLINK(склад2въезд14[[#This Row],[RelativePath]]) -> 2 Поката пилорама\GA3948333_8_20260702T214128Z.jpg
A95: пт | B95: 46206 | C95: 0.61859954 | D95: Проезд | E95: Lada Largus, темный | I95: GA3948333_8_20260703T145047Z.jpg | J95: C:\ВИДЕОНАБЛЮДЕНИЕ\2 Поката пилорама\ | K95: 2 Поката пилорама\GA3948333_8_20260703T145047Z.jpg | L95: пт 03.07.2026 — 14:50:47 | M95: =HYPERLINK(склад2въезд14[[#This Row],[RelativePath]]) -> 2 Поката пилорама\GA3948333_8_20260703T145047Z.jpg
A96: сб | B96: 46207 | C96: 0.28537037 | D96: Загрузка | E96: Нива, с прицепом | F96: доски | I96: GA3948333_8_20260704T065056Z.jpg | J96: C:\ВИДЕОНАБЛЮДЕНИЕ\2 Поката пилорама\ | K96: 2 Поката пилорама\GA3948333_8_20260704T065056Z.jpg | L96: сб 04.07.2026 — 06:50:56 | M96: =HYPERLINK(склад2въезд14[[#This Row],[RelativePath]]) -> 2 Поката пилорама\GA3948333_8_20260704T065056Z.jpg
A97: вс | B97: 46208 | C97: 0.86315972 | D97: Проезд | E97: Нива, с прицепом | F97: порожний | I97: GA3948333_8_20260705T204257Z.jpg | J97: C:\ВИДЕОНАБЛЮДЕНИЕ\2 Поката пилорама\ | K97: 2 Поката пилорама\GA3948333_8_20260705T204257Z.jpg | L97: вс 05.07.2026 — 20:42:57 | M97: =HYPERLINK(склад2въезд14[[#This Row],[RelativePath]]) -> 2 Поката пилорама\GA3948333_8_20260705T204257Z.jpg
A98: вс | B98: 46208 | C98: 0.87944444 | D98: Проезд | E98: Нива, с прицепом | F98: горбыль/доски | I98: GA3948333_8_20260705T210624Z.jpg | J98: C:\ВИДЕОНАБЛЮДЕНИЕ\2 Поката пилорама\ | K98: 2 Поката пилорама\GA3948333_8_20260705T210624Z.jpg | L98: вс 05.07.2026 — 21:06:24 | M98: =HYPERLINK(склад2въезд14[[#This Row],[RelativePath]]) -> 2 Поката пилорама\GA3948333_8_20260705T210624Z.jpg
A99: пн | B99: 46209 | C99: 0.64211806 | D99: Загрузка | E99: Lada Largus, темный | F99: мешок с опилками | G99: 1 | H99: Поката пилорама | I99: GA3948333_8_20260706T152439Z.jpg | J99: C:\ВИДЕОНАБЛЮДЕНИЕ\2 Поката пилорама\ | K99: 2 Поката пилорама\GA3948333_8_20260706T152439Z.jpg | L99: пн 06.07.2026 — 15:24:39 | M99: =HYPERLINK(склад2въезд14[[#This Row],[RelativePath]]) -> 2 Поката пилорама\GA3948333_8_20260706T152439Z.jpg
A100: пн | B100: 46209 | C100: 0.64256944 | D100: Загрузка | E100: Lada Largus, темный | F100: мешок с опилками | G100: 1 | H100: Поката пилорама | I100: GA3948333_8_20260706T152518Z.jpg | J100: C:\ВИДЕОНАБЛЮДЕНИЕ\2 Поката пилорама\ | K100: 2 Поката пилорама\GA3948333_8_20260706T152518Z.jpg | L100: пн 06.07.2026 — 15:25:18 | M100: =HYPERLINK(склад2въезд14[[#This Row],[RelativePath]]) -> 2 Поката пилорама\GA3948333_8_20260706T152518Z.jpg
...

Sheet 3 Парковка офиса
A1: День нед | B1: Дата | C1: Время | D1: Событие | E1: Объект | F1: Груз | G1: Кол-во | H1: Примечание | I1: Name | J1: Folder Path | K1: RelativePath | L1: Подпись | M1: Ссылка на фото
A2: пт | B2: 46171 | C2: 0.39282407 | D2: Стоянка | E2: Легковая, темная | H2: только заехал на базу и выехал | I2: GA3948333_3_20260529T092540Z.jpg | J2: C:\ВИДЕОНАБЛЮДЕНИЕ\3 Парковка офиса\ | K2: 3 Парковка офиса\GA3948333_3_20260529T092540Z.jpg | L2: пт 29.05.2026 — 09:25:40 | M2: =HYPERLINK(склад2въезд18[[#This Row],[RelativePath]]) -> 3 Парковка офиса\GA3948333_3_20260529T092540Z.jpg
A3: пт | B3: 46171 | C3: 0.60517361 | D3: Фиксация в кадре | E3: Автотранспорт | I3: GA3948333_3_20260529T143127Z.jpg | J3: C:\ВИДЕОНАБЛЮДЕНИЕ\3 Парковка офиса\ | K3: 3 Парковка офиса\GA3948333_3_20260529T143127Z.jpg | L3: пт 29.05.2026 — 14:31:27 | M3: =HYPERLINK(склад2въезд18[[#This Row],[RelativePath]]) -> 3 Парковка офиса\GA3948333_3_20260529T143127Z.jpg
A4: сб | B4: 46172 | C4: 0.41248843 | D4: Фиксация в кадре | E4: Территория | I4: GA3948333_3_20260530T095359Z.jpg | J4: C:\ВИДЕОНАБЛЮДЕНИЕ\3 Парковка офиса\ | K4: 3 Парковка офиса\GA3948333_3_20260530T095359Z.jpg | L4: сб 30.05.2026 — 09:53:59 | M4: =HYPERLINK(склад2въезд18[[#This Row],[RelativePath]]) -> 3 Парковка офиса\GA3948333_3_20260530T095359Z.jpg
A5: вс | B5: 46173 | C5: 0.82892361 | D5: без событий | E5: Территория | I5: GA3948333_3_20260531T195339Z.jpg | J5: C:\ВИДЕОНАБЛЮДЕНИЕ\3 Парковка офиса\ | K5: 3 Парковка офиса\GA3948333_3_20260531T195339Z.jpg | L5: вс 31.05.2026 — 19:53:39 | M5: =HYPERLINK(склад2въезд18[[#This Row],[RelativePath]]) -> 3 Парковка офиса\GA3948333_3_20260531T195339Z.jpg
A6: пн | B6: 46174 | C6: 0.41916667 | D6: Фиксация в кадре | E6: Автотранспорт | I6: GA3948333_3_20260601T100336Z.jpg | J6: C:\ВИДЕОНАБЛЮДЕНИЕ\3 Парковка офиса\ | K6: 3 Парковка офиса\GA3948333_3_20260601T100336Z.jpg | L6: пн 01.06.2026 — 10:03:36 | M6: =HYPERLINK(склад2въезд18[[#This Row],[RelativePath]]) -> 3 Парковка офиса\GA3948333_3_20260601T100336Z.jpg
A7: пн | B7: 46174 | C7: 0.53236111 | D7: Фиксация в кадре | E7: Автотранспорт | I7: GA3948333_3_20260601T124636Z.jpg | J7: C:\ВИДЕОНАБЛЮДЕНИЕ\3 Парковка офиса\ | K7: 3 Парковка офиса\GA3948333_3_20260601T124636Z.jpg | L7: пн 01.06.2026 — 12:46:36 | M7: =HYPERLINK(склад2въезд18[[#This Row],[RelativePath]]) -> 3 Парковка офиса\GA3948333_3_20260601T124636Z.jpg
A8: пн | B8: 46174 | C8: 0.77243056 | D8: Убытие | E8: Камаз базы | I8: GA3948333_3_20260601T183218Z.jpg | J8: C:\ВИДЕОНАБЛЮДЕНИЕ\3 Парковка офиса\ | K8: 3 Парковка офиса\GA3948333_3_20260601T183218Z.jpg | L8: пн 01.06.2026 — 18:32:18 | M8: =HYPERLINK(склад2въезд18[[#This Row],[RelativePath]]) -> 3 Парковка офиса\GA3948333_3_20260601T183218Z.jpg
A9: пн | B9: 46174 | C9: 0.82825231 | D9: Фиксация в кадре | E9: Автотранспорт | I9: GA3948333_3_20260601T195241Z.jpg | J9: C:\ВИДЕОНАБЛЮДЕНИЕ\3 Парковка офиса\ | K9: 3 Парковка офиса\GA3948333_3_20260601T195241Z.jpg | L9: пн 01.06.2026 — 19:52:41 | M9: =HYPERLINK(склад2въезд18[[#This Row],[RelativePath]]) -> 3 Парковка офиса\GA3948333_3_20260601T195241Z.jpg
A10: вт | B10: 46175 | C10: 0.42565972 | D10: Фиксация в кадре | E10: Автотранспорт | I10: GA3948333_3_20260602T101257Z.jpg | J10: C:\ВИДЕОНАБЛЮДЕНИЕ\3 Парковка офиса\ | K10: 3 Парковка офиса\GA3948333_3_20260602T101257Z.jpg | L10: вт 02.06.2026 — 10:12:57 | M10: =HYPERLINK(склад2въезд18[[#This Row],[RelativePath]]) -> 3 Парковка офиса\GA3948333_3_20260602T101257Z.jpg
A11: вт | B11: 46175 | C11: 0.43658565 | D11: Фиксация в кадре | E11: Автотранспорт | I11: GA3948333_3_20260602T102841Z.jpg | J11: C:\ВИДЕОНАБЛЮДЕНИЕ\3 Парковка офиса\ | K11: 3 Парковка офиса\GA3948333_3_20260602T102841Z.jpg | L11: вт 02.06.2026 — 10:28:41 | M11: =HYPERLINK(склад2въезд18[[#This Row],[RelativePath]]) -> 3 Парковка офиса\GA3948333_3_20260602T102841Z.jpg
A12: вт | B12: 46175 | C12: 0.46409722 | D12: Фиксация в кадре | E12: Автотранспорт | I12: GA3948333_3_20260602T110818Z.jpg | J12: C:\ВИДЕОНАБЛЮДЕНИЕ\3 Парковка офиса\ | K12: 3 Парковка офиса\GA3948333_3_20260602T110818Z.jpg | L12: вт 02.06.2026 — 11:08:18 | M12: =HYPERLINK(склад2въезд18[[#This Row],[RelativePath]]) -> 3 Парковка офиса\GA3948333_3_20260602T110818Z.jpg
A13: вт | B13: 46175 | C13: 0.63300926 | D13: Фиксация в кадре | E13: Автотранспорт | I13: GA3948333_3_20260602T151132Z.jpg | J13: C:\ВИДЕОНАБЛЮДЕНИЕ\3 Парковка офиса\ | K13: 3 Парковка офиса\GA3948333_3_20260602T151132Z.jpg | L13: вт 02.06.2026 — 15:11:32 | M13: =HYPERLINK(склад2въезд18[[#This Row],[RelativePath]]) -> 3 Парковка офиса\GA3948333_3_20260602T151132Z.jpg
A14: ср | B14: 46176 | C14: 0.46217593 | D14: Фиксация в кадре | E14: Автотранспорт | I14: GA3948333_3_20260603T110532Z.jpg | J14: C:\ВИДЕОНАБЛЮДЕНИЕ\3 Парковка офиса\ | K14: 3 Парковка офиса\GA3948333_3_20260603T110532Z.jpg | L14: ср 03.06.2026 — 11:05:32 | M14: =HYPERLINK(склад2въезд18[[#This Row],[RelativePath]]) -> 3 Парковка офиса\GA3948333_3_20260603T110532Z.jpg
... A23: вс | B23: 46180 | C23: 0.59064815 | D23: Стоянка | E23: Tank 500, серый | I23: GA3948333_3_20260607T141032Z.jpg | J23: C:\ВИДЕОНАБЛЮДЕНИЕ\3 Парковка офиса\ | K23: 3 Парковка офиса\GA3948333_3_20260607T141032Z.jpg | L23: вс 07.06.2026 — 14:10:32 | M23: =HYPERLINK(склад2въезд18[[#This Row],[RelativePath]]) -> 3 Парковка офиса\GA3948333_3_20260607T141032Z.jpg
A24: вс | B24: 46180 | C24: 0.6334838 | D24: Фиксация в кадре | E24: Сотрудник с тачкой | F24: ведра, материалы | H24: в общагу | I24: GA3948333_3_20260607T151213Z.jpg | J24: C:\ВИДЕОНАБЛЮДЕНИЕ\3 Парковка офиса\ | K24: 3 Парковка офиса\GA3948333_3_20260607T151213Z.jpg | L24: вс 07.06.2026 — 15:12:13 | M24: =HYPERLINK(склад2въезд18[[#This Row],[RelativePath]]) -> 3 Парковка офиса\GA3948333_3_20260607T151213Z.jpg
A25: пн | B25: 46181 | C25: 0.40773148 | D25: Фиксация в кадре | E25: Автотранспорт | I25: GA3948333_3_20260608T094708Z.jpg | J25: C:\ВИДЕОНАБЛЮДЕНИЕ\3 Парковка офиса\ | K25: 3 Парковка офиса\GA3948333_3_20260608T094708Z.jpg | L25: пн 08.06.2026 — 09:47:08 | M25: =HYPERLINK(склад2въезд18[[#This Row],[RelativePath]]) -> 3 Парковка офиса\GA3948333_3_20260608T094708Z.jpg
A26: пн | B26: 46181 | C26: 0.4324537 | D26: Фиксация в кадре | E26: Автотранспорт | I26: GA3948333_3_20260608T102244Z.jpg | J26: C:\ВИДЕОНАБЛЮДЕНИЕ\3 Парковка офиса\ | K26: 3 Парковка офиса\GA3948333_3_20260608T102244Z.jpg | L26: пн 08.06.2026 — 10:22:44 | M26: =HYPERLINK(склад2въезд18[[#This Row],[RelativePath]]) -> 3 Парковка офиса\GA3948333_3_20260608T102244Z.jpg
A27: пн | B27: 46181 | C27: 0.65334491 | D27: Фиксация в кадре | E27: Автотранспорт | I27: GA3948333_3_20260608T154049Z.jpg | J27: C:\ВИДЕОНАБЛЮДЕНИЕ\3 Парковка офиса\ | K27: 3 Парковка офиса\GA3948333_3_20260608T154049Z.jpg | L27: пн 08.06.2026 — 15:40:49 | M27: =HYPERLINK(склад2въезд18[[#This Row],[RelativePath]]) -> 3 Парковка офиса\GA3948333_3_20260608T154049Z.jpg
A28: вт | B28: 46182 | C28: 0.67215278 | D28: Фиксация в кадре | E28: Автотранспорт | I28: GA3948333_3_20260609T160754Z.jpg | J28: C:\ВИДЕОНАБЛЮДЕНИЕ\3 Парковка офиса\ | K28: 3 Парковка офиса\GA3948333_3_20260609T160754Z.jpg | L28: вт 09.06.2026 — 16:07:54 | M28: =HYPERLINK(склад2въезд18[[#This Row],[RelativePath]]) -> 3 Парковка офиса\GA3948333_3_20260609T160754Z.jpg
A29: ср | B29: 46183 | C29: 0.47121528 | D29: Фиксация в кадре | E29: Автотранспорт | I29: GA3948333_3_20260610T111833Z.jpg | J29: C:\ВИДЕОНАБЛЮДЕНИЕ\3 Парковка офиса\ | K29: 3 Парковка офиса\GA3948333_3_20260610T111833Z.jpg | L29: ср 10.06.2026 — 11:18:33 | M29: =HYPERLINK(склад2въезд18[[#This Row],[RelativePath]]) -> 3 Парковка офиса\GA3948333_3_20260610T111833Z.jpg
A30: ср | B30: 46183 | C30: 0.63895833 | D30: Фиксация в кадре | E30: Автотранспорт | I30: GA3948333_3_20260610T152006Z.jpg | J30: C:\ВИДЕОНАБЛЮДЕНИЕ\3 Парковка офиса\ | K30: 3 Парковка офиса\GA3948333_3_20260610T152006Z.jpg | L30: ср 10.06.2026 — 15:20:06 | M30: =HYPERLINK(склад2въезд18[[#This Row],[RelativePath]]) -> 3 Парковка офиса\GA3948333_3_20260610T152006Z.jpg
A31: ср | B31: 46183 | C31: 0.77903935 | D31: Смена ракурса камер | I31: GA3948333_3_20260610T184149Z.jpg | J31: C:\ВИДЕОНАБЛЮДЕНИЕ\3 Парковка офиса\ | K31: 3 Парковка офиса\GA3948333_3_20260610T184149Z.jpg | L31: ср 10.06.2026 — 18:41:49 | M31: =HYPERLINK(склад2въезд18[[#This Row],[RelativePath]]) -> 3 Парковка офиса\GA3948333_3_20260610T184149Z.jpg
A32: чт | B32: 46184 | C32: 0.46556713 | D32: Загрузка | E32: Рено Колеос | F32: дрова | I32: GA3948333_3_20260611T111025Z.jpg | J32: C:\ВИДЕОНАБЛЮДЕНИЕ\3 Парковка офиса\ | K32: 3 Парковка офиса\GA3948333_3_20260611T111025Z.jpg | L32: чт 11.06.2026 — 11:10:25 | M32: =HYPERLINK(склад2въезд18[[#This Row],[RelativePath]]) -> 3 Парковка офиса\GA3948333_3_20260611T111025Z.jpg
A33: чт | B33: 46184 | C33: 0.46636574 | D33: Загрузка | E33: Рено Колеос | F33: дрова | I33: GA3948333_3_20260611T111134Z.jpg | J33: C:\ВИДЕОНАБЛЮДЕНИЕ\3 Парковка офиса\ | K33: 3 Парковка офиса\GA3948333_3_20260611T111134Z.jpg | L33: чт 11.06.2026 — 11:11:34 | M33: =HYPERLINK(склад2въезд18[[#This Row],[RelativePath]]) -> 3 Парковка офиса\GA3948333_3_20260611T111134Z.jpg
A34: чт | B34: 46184 | C34: 0.52216435 | D34: Фиксация в кадре | E34: Автотранспорт | I34: GA3948333_3_20260611T123155Z.jpg | J34: C:\ВИДЕОНАБЛЮДЕНИЕ\3 Парковка офиса\ | K34: 3 Парковка офиса\GA3948333_3_20260611T123155Z.jpg | L34: чт 11.06.2026 — 12:31:55 | M34: =HYPERLINK(склад2въезд18[[#This Row],[RelativePath]]) -> 3 Парковка офиса\GA3948333_3_20260611T123155Z.jpg
A35: чт | B35: 46184 | C35: 0.58663194 | D35: Фиксация в кадре | E35: Автотранспорт | I35: GA3948333_3_20260611T140445Z.jpg | J35: C:\ВИДЕОНАБЛЮДЕНИЕ\3 Парковка офиса\ | K35: 3 Парковка офиса\GA3948333_3_20260611T140445Z.jpg | L35: чт 11.06.2026 — 14:04:45 | M35: =HYPERLINK(склад2въезд18[[#This Row],[RelativePath]]) -> 3 Парковка офиса\GA3948333_3_20260611T140445Z.jpg
A36: пт | B36: 46185 | C36: 0.58646991 | D36: без событий | E36: Территория | I36: GA3948333_3_20260612T140431Z.jpg | J36: C:\ВИДЕОНАБЛЮДЕНИЕ\3 Парковка офиса\ | K36: 3 Парковка офиса\GA3948333_3_20260612T140431Z.jpg | L36: пт 12.06.2026 — 14:04:31 | M36: =HYPERLINK(склад2въезд18[[#This Row],[RelativePath]]) -> 3 Парковка офиса\GA3948333_3_20260612T140431Z.jpg
A37: сб | B37: 46186 | C37: 0.65898148 | D37: без событий | E37: Территория | I37: GA3948333_3_20260613T154856Z.jpg | J37: C:\ВИДЕОНАБЛЮДЕНИЕ\3 Парковка офиса\ | K37: 3 Парковка офиса\GA3948333_3_20260613T154856Z.jpg | L37: сб 13.06.2026 — 15:48:56 | M37: =HYPERLINK(склад2въезд18[[#This Row],[RelativePath]]) -> 3 Парковка офиса\GA3948333_3_20260613T154856Z.jpg
A38: вс | B38: 46187 | C38: 0.71334491 | D38: без событий | E38: Территория | I38: GA3948333_3_20260614T170713Z.jpg | J38: C:\ВИДЕОНАБЛЮДЕНИЕ\3 Парковка офиса\ | K38: 3 Парковка офиса\GA3948333_3_20260614T170713Z.jpg | L38: вс 14.06.2026 — 17:07:13 | M38: =HYPERLINK(склад2въезд18[[#This Row],[RelativePath]]) -> 3 Парковка офиса\GA3948333_3_20260614T170713Z.jpg
A39: пн | B39: 46188 | C39: 0.39185185 | D39: Фиксация в кадре | E39: Автотранспорт | I39: GA3948333_3_20260615T092416Z.jpg | J39: C:\ВИДЕОНАБЛЮДЕНИЕ\3 Парковка офиса\ | K39: 3 Парковка офиса\GA3948333_3_20260615T092416Z.jpg | L39: пн 15.06.2026 — 09:24:16 | M39: =HYPERLINK(склад2въезд18[[#This Row],[RelativePath]]) -> 3 Парковка офиса\GA3948333_3_20260615T092416Z.jpg
A40: пн | B40: 46188 | C40: 0.4362963 | D40: Фиксация в кадре | E40: Автотранспорт | I40: GA3948333_3_20260615T102816Z.jpg | J40: C:\ВИДЕОНАБЛЮДЕНИЕ\3 Парковка офиса\ | K40: 3 Парковка офиса\GA3948333_3_20260615T102816Z.jpg | L40: пн 15.06.2026 — 10:28:16 | M40: =HYPERLINK(склад2въезд18[[#This Row],[RelativePath]]) -> 3 Парковка офиса\GA3948333_3_20260615T102816Z.jpg
A41: пн | B41: 46188 | C41: 0.54103009 | D41: Фиксация в кадре | E41: Автотранспорт | I41: GA3948333_3_20260615T125905Z.jpg | J41: C:\ВИДЕОНАБЛЮДЕНИЕ\3 Парковка офиса\ | K41: 3 Парковка офиса\GA3948333_3_20260615T125905Z.jpg | L41: пн 15.06.2026 — 12:59:05 | M41: =HYPERLINK(склад2въезд18[[#This Row],[RelativePath]]) -> 3 Парковка офиса\GA3948333_3_20260615T125905Z.jpg
A42: пн | B42: 46188 | C42: 0.56490741 | D42: Загрузка | E42: Рено Колеос | F42: дрова | I42: GA3948333_3_20260615T133328Z.jpg | J42: C:\ВИДЕОНАБЛЮДЕНИЕ\3 Парковка офиса\ | K42: 3 Парковка офиса\GA3948333_3_20260615T133328Z.jpg | L42: пн 15.06.2026 — 13:33:28 | M42: =HYPERLINK(склад2въезд18[[#This Row],[RelativePath]]) -> 3 Парковка офиса\GA3948333_3_20260615T133328Z.jpg
A43: пн | B43: 46188 | C43: 0.60549769 | D43: Загрузка | E43: Рено логан серый, с прицепом | G43: 2 | I43: GA3948333_3_20260615T143155Z.jpg | J43: C:\ВИДЕОНАБЛЮДЕНИЕ\3 Парковка офиса\ | K43: 3 Парковка офиса\GA3948333_3_20260615T143155Z.jpg | L43: пн 15.06.2026 — 14:31:55 | M43: =HYPERLINK(склад2въезд18[[#This Row],[RelativePath]]) -> 3 Парковка офиса\GA3948333_3_20260615T143155Z.jpg
A44: пн | B44: 46188 | C44: 0.62862269 | D44: Выгрузка | E44: Рено логан серый, с прицепом | G44: 2 | I44: GA3948333_3_20260615T150513Z.jpg | J44: C:\ВИДЕОНАБЛЮДЕНИЕ\3 Парковка офиса\ | K44: 3 Парковка офиса\GA3948333_3_20260615T150513Z.jpg | L44: пн 15.06.2026 — 15:05:13 | M44: =HYPERLINK(склад2въезд18[[#This Row],[RelativePath]]) -> 3 Парковка офиса\GA3948333_3_20260615T150513Z.jpg
A45: пн | B45: 46188 | C45: 0.65493056 | D45: Фиксация в кадре | E45: Автотранспорт | I45: GA3948333_3_20260615T154306Z.jpg | J45: C:\ВИДЕОНАБЛЮДЕНИЕ\3 Парковка офиса\ | K45: 3 Парковка офиса\GA3948333_3_20260615T154306Z.jpg | L45: пн 15.06.2026 — 15:43:06 | M45: =HYPERLINK(склад2въезд18[[#This Row],[RelativePath]]) -> 3 Парковка офиса\GA3948333_3_20260615T154306Z.jpg
A46: вт | B46: 46189 | C46: 0.46534722 | D46: Фиксация в кадре | E46: Автотранспорт | I46: GA3948333_3_20260616T111006Z.jpg | J46: C:\ВИДЕОНАБЛЮДЕНИЕ\3 Парковка офиса\ | K46: 3 Парковка офиса\GA3948333_3_20260616T111006Z.jpg | L46: вт 16.06.2026 — 11:10:06 | M46: =HYPERLINK(склад2въезд18[[#This Row],[RelativePath]]) -> 3 Парковка офиса\GA3948333_3_20260616T111006Z.jpg
A47: вт | B47: 46189 | C47: 0.50571759 | D47: Фиксация в кадре | E47: Автотранспорт | I47: GA3948333_3_20260616T120814Z.jpg | J47: C:\ВИДЕОНАБЛЮДЕНИЕ\3 Парковка офиса\ | K47: 3 Парковка офиса\GA3948333_3_20260616T120814Z.jpg | L47: вт 16.06.2026 — 12:08:14 | M47: =HYPERLINK(склад2въезд18[[#This Row],[RelativePath]]) -> 3 Парковка офиса\GA3948333_3_20260616T120814Z.jpg
A48: вт | B48: 46189 | C48: 0.55332176 | D48: Фиксация в кадре | E48: Автотранспорт | I48: GA3948333_3_20260616T131647Z.jpg | J48: C:\ВИДЕОНАБЛЮДЕНИЕ\3 Парковка офиса\ | K48: 3 Парковка офиса\GA3948333_3_20260616T131647Z.jpg | L48: вт 16.06.2026 — 13:16:47 | M48: =HYPERLINK(склад2въезд18[[#This Row],[RelativePath]]) -> 3 Парковка офиса\GA3948333_3_20260616T131647Z.jpg
A49: ср | B49: 46190 | C49: 0.55212963 | D49: Фиксация в кадре | E49: Автотранспорт | I49: GA3948333_3_20260617T131504Z.jpg | J49: C:\ВИДЕОНАБЛЮДЕНИЕ\3 Парковка офиса\ | K49: 3 Парковка офиса\GA3948333_3_20260617T131504Z.jpg | L49: ср 17.06.2026 — 13:15:04 | M49: =HYPERLINK(склад2въезд18[[#This Row],[RelativePath]]) -> 3 Парковка офиса\GA3948333_3_20260617T131504Z.jpg
A50: ср | B50: 46190 | C50: 0.563125 | D50: Фиксация в кадре | E50: Автотранспорт | I50: GA3948333_3_20260617T133054Z.jpg | J50: C:\ВИДЕОНАБЛЮДЕНИЕ\3 Парковка офиса\ | K50: 3 Парковка офиса\GA3948333_3_20260617T133054Z.jpg | L50: ср 17.06.2026 — 13:30:54 | M50: =HYPERLINK(склад2въезд18[[#This Row],[RelativePath]]) -> 3 Парковка офиса\GA3948333_3_20260617T133054Z.jpg
A51: ср | B51: 46190 | C51: 0.56668981 | D51: Фиксация в кадре | E51: Автотранспорт | I51: GA3948333_3_20260617T133602Z.jpg | J51: C:\ВИДЕОНАБЛЮДЕНИЕ\3 Парковка офиса\ | K51: 3 Парковка офиса\GA3948333_3_20260617T133602Z.jpg | L51: ср 17.06.2026 — 13:36:02 | M51: =HYPERLINK(склад2въезд18[[#This Row],[RelativePath]]) -> 3 Парковка офиса\GA3948333_3_20260617T133602Z.jpg
A52: чт | B52: 46191 | C52: 0.42356481 | D52: Фиксация в кадре | E52: Автотранспорт | I52: GA3948333_3_20260618T100956Z.jpg | J52: C:\ВИДЕОНАБЛЮДЕНИЕ\3 Парковка офиса\ | K52: 3 Парковка офиса\GA3948333_3_20260618T100956Z.jpg | L52: чт 18.06.2026 — 10:09:56 | M52: =HYPERLINK(склад2въезд18[[#This Row],[RelativePath]]) -> 3 Парковка офиса\GA3948333_3_20260618T100956Z.jpg
A53: чт | B53: 46191 | C53: 0.46846065 | D53: Фиксация в кадре | E53: Автотранспорт | I53: GA3948333_3_20260618T111435Z.jpg | J53: C:\ВИДЕОНАБЛЮДЕНИЕ\3 Парковка офиса\ | K53: 3 Парковка офиса\GA3948333_3_20260618T111435Z.jpg | L53: чт 18.06.2026 — 11:14:35 | M53: =HYPERLINK(склад2въезд18[[#This Row],[RelativePath]]) -> 3 Парковка офиса\GA3948333_3_20260618T111435Z.jpg
A54: чт | B54: 46191 | C54: 0.71493056 | D54: Фиксация в кадре | E54: Автотранспорт | I54: GA3948333_3_20260618T170930Z.jpg | J54: C:\ВИДЕОНАБЛЮДЕНИЕ\3 Парковка офиса\ | K54: 3 Парковка офиса\GA3948333_3_20260618T170930Z.jpg | L54: чт 18.06.2026 — 17:09:30 | M54: =HYPERLINK(склад2въезд18[[#This Row],[RelativePath]]) -> 3 Парковка офиса\GA3948333_3_20260618T170930Z.jpg
A55: пт | B55: 46192 | C55: 0.61377315 | D55: Фиксация в кадре | E55: Автотранспорт | I55: GA3948333_3_20260619T144350Z.jpg | J55: C:\ВИДЕОНАБЛЮДЕНИЕ\3 Парковка офиса\ | K55: 3 Парковка офиса\GA3948333_3_20260619T144350Z.jpg | L55: пт 19.06.2026 — 14:43:50 | M55: =HYPERLINK(склад2въезд18[[#This Row],[RelativePath]]) -> 3 Парковка офиса\GA3948333_3_20260619T144350Z.jpg
A56: сб | B56: 46193 | C56: 0.80386574 | D56: без событий | E56: Территория | I56: GA3948333_3_20260620T191734Z.jpg | J56: C:\ВИДЕОНАБЛЮДЕНИЕ\3 Парковка офиса\ | K56: 3 Парковка офиса\GA3948333_3_20260620T191734Z.jpg | L56: сб 20.06.2026 — 19:17:34 | M56: =HYPERLINK(склад2въезд18[[#This Row],[RelativePath]]) -> 3 Парковка офиса\GA3948333_3_20260620T191734Z.jpg
A57: вс | B57: 46194 | C57: 0.32178241 | D57: Фиксация в кадре | E57: Автотранспорт | H57: заехала и сразу выехала | I57: GA3948333_3_20260621T074322Z.jpg | J57: C:\ВИДЕОНАБЛЮДЕНИЕ\3 Парковка офиса\ | K57: 3 Парковка офиса\GA3948333_3_20260621T074322Z.jpg | L57: вс 21.06.2026 — 07:43:22 | M57: =HYPERLINK(склад2въезд18[[#This Row],[RelativePath]]) -> 3 Парковка офиса\GA3948333_3_20260621T074322Z.jpg
A58: вс | B58: 46194 | C58: 0.76178241 | D58: без событий | E58: Территория | I58: GA3948333_3_20260621T181658Z.jpg | J58: C:\ВИДЕОНАБЛЮДЕНИЕ\3 Парковка офиса\ | K58: 3 Парковка офиса\GA3948333_3_20260621T181658Z.jpg | L58: вс 21.06.2026 — 18:16:58 | M58: =HYPERLINK(склад2въезд18[[#This Row],[RelativePath]]) -> 3 Парковка офиса\GA3948333_3_20260621T181658Z.jpg
A59: пн | B59: 46195 | C59: 0.38553241 | D59: Фиксация в кадре | E59: Автотранспорт | I59: GA3948333_3_20260622T091510Z.jpg | J59: C:\ВИДЕОНАБЛЮДЕНИЕ\3 Парковка офиса\ | K59: 3 Парковка офиса\GA3948333_3_20260622T091510Z.jpg | L59: пн 22.06.2026 — 09:15:10 | M59: =HYPERLINK(склад2въезд18[[#This Row],[RelativePath]]) -> 3 Парковка офиса\GA3948333_3_20260622T091510Z.jpg
A60: пн | B60: 46195 | C60: 0.40359954 | D60: Фиксация в кадре | E60: Автотранспорт | I60: GA3948333_3_20260622T094111Z.jpg | J60: C:\ВИДЕОНАБЛЮДЕНИЕ\3 Парковка офиса\ | K60: 3 Парковка офиса\GA3948333_3_20260622T094111Z.jpg | L60: пн 22.06.2026 — 09:41:11 | M60: =HYPERLINK(склад2въезд18[[#This Row],[RelativePath]]) -> 3 Парковка офиса\GA3948333_3_20260622T094111Z.jpg
A61: пн | B61: 46195 | C61: 0.45207176 | D61: Фиксация в кадре | E61: Автотранспорт | I61: GA3948333_3_20260622T105059Z.jpg | J61: C:\ВИДЕОНАБЛЮДЕНИЕ\3 Парковка офиса\ | K61: 3 Парковка офиса\GA3948333_3_20260622T105059Z.jpg | L61: пн 22.06.2026 — 10:50:59 | M61: =HYPERLINK(склад2въезд18[[#This Row],[RelativePath]]) -> 3 Парковка офиса\GA3948333_3_20260622T105059Z.jpg
A62: пн | B62: 46195 | C62: 0.47864583 | D62: Перемещение отрезка бревна | E62: Kia Optima серебристая | I62: GA3948333_3_20260622T112915Z.jpg | J62: C:\ВИДЕОНАБЛЮДЕНИЕ\3 Парковка офиса\ | K62: 3 Парковка офиса\GA3948333_3_20260622T112915Z.jpg | L62: пн 22.06.2026 — 11:29:15 | M62: =HYPERLINK(склад2въезд18[[#This Row],[RelativePath]]) -> 3 Парковка офиса\GA3948333_3_20260622T112915Z.jpg
A63: пн | B63: 46195 | C63: 0.47947917 | D63: Загрузка | E63: Kia Optima серебристая | F63: отрезок бревна | H63: Парковка офиса | I63: GA3948333_3_20260622T113027Z.jpg | J63: C:\ВИДЕОНАБЛЮДЕНИЕ\3 Парковка офиса\ | K63: 3 Парковка офиса\GA3948333_3_20260622T113027Z.jpg | L63: пн 22.06.2026 — 11:30:27 | M63: =HYPERLINK(склад2въезд18[[#This Row],[RelativePath]]) -> 3 Парковка офиса\GA3948333_3_20260622T113027Z.jpg
A64: вт | B64: 46196 | C64: 0.60618056 | D64: Фиксация в кадре | E64: Автотранспорт | I64: GA3948333_3_20260623T143254Z.jpg | J64: C:\ВИДЕОНАБЛЮДЕНИЕ\3 Парковка офиса\ | K64: 3 Парковка офиса\GA3948333_3_20260623T143254Z.jpg | L64: вт 23.06.2026 — 14:32:54 | M64: =HYPERLINK(склад2въезд18[[#This Row],[RelativePath]]) -> 3 Парковка офиса\GA3948333_3_20260623T143254Z.jpg
A65: ср | B65: 46197 | C65: 0.41510417 | D65: Фиксация в кадре | E65: Автотранспорт | I65: GA3948333_3_20260624T095745Z.jpg | J65: C:\ВИДЕОНАБЛЮДЕНИЕ\3 Парковка офиса\ | K65: 3 Парковка офиса\GA3948333_3_20260624T095745Z.jpg | L65: ср 24.06.2026 — 09:57:45 | M65: =HYPERLINK(склад2въезд18[[#This Row],[RelativePath]]) -> 3 Парковка офиса\GA3948333_3_20260624T095745Z.jpg
A66: ср | B66: 46197 | C66: 0.43340278 | D66: Фиксация в кадре | E66: Автотранспорт | I66: GA3948333_3_20260624T102406Z.jpg | J66: C:\ВИДЕОНАБЛЮДЕНИЕ\3 Парковка офиса\ | K66: 3 Парковка офиса\GA3948333_3_20260624T102406Z.jpg | L66: ср 24.06.2026 — 10:24:06 | M66: =HYPERLINK(склад2въезд18[[#This Row],[RelativePath]]) -> 3 Парковка офиса\GA3948333_3_20260624T102406Z.jpg
A67: ср | B67: 46197 | C67: 0.50335648 | D67: Фиксация в кадре | E67: Автотранспорт | I67: GA3948333_3_20260624T120450Z.jpg | J67: C:\ВИДЕОНАБЛЮДЕНИЕ\3 Парковка офиса\ | K67: 3 Парковка офиса\GA3948333_3_20260624T120450Z.jpg | L67: ср 24.06.2026 — 12:04:50 | M67: =HYPERLINK(склад2въезд18[[#This Row],[RelativePath]]) -> 3 Парковка офиса\GA3948333_3_20260624T120450Z.jpg
A68: ср | B68: 46197 | C68: 0.6355787 | D68: Фиксация в кадре | E68: Автотранспорт | I68: GA3948333_3_20260624T151514Z.jpg | J68: C:\ВИДЕОНАБЛЮДЕНИЕ\3 Парковка офиса\ | K68: 3 Парковка офиса\GA3948333_3_20260624T151514Z.jpg | L68: ср 24.06.2026 — 15:15:14 | M68: =HYPERLINK(склад2въезд18[[#This Row],[RelativePath]]) -> 3 Парковка офиса\GA3948333_3_20260624T151514Z.jpg
A69: ср | B69: 46197 | C69: 0.71196759 | D69: Фиксация в кадре | E69: Автотранспорт | I69: GA3948333_3_20260624T170514Z.jpg | J69: C:\ВИДЕОНАБЛЮДЕНИЕ\3 Парковка офиса\ | K69: 3 Парковка офиса\GA3948333_3_20260624T170514Z.jpg | L69: ср 24.06.2026 — 17:05:14 | M69: =HYPERLINK(склад2въезд18[[#This Row],[RelativePath]]) -> 3 Парковка офиса\GA3948333_3_20260624T170514Z.jpg
A70: чт | B70: 46198 | C70: 0.44916667 | D70: Фиксация в кадре | E70: Автотранспорт | I70: GA3948333_3_20260625T104648Z.jpg | J70: C:\ВИДЕОНАБЛЮДЕНИЕ\3 Парковка офиса\ | K70: 3 Парковка офиса\GA3948333_3_20260625T104648Z.jpg | L70: чт 25.06.2026 — 10:46:48 | M70: =HYPERLINK(склад2въезд18[[#This Row],[RelativePath]]) -> 3 Парковка офиса\GA3948333_3_20260625T104648Z.jpg
A71: чт | B71: 46198 | C71: 0.62467593 | D71: Фиксация в кадре | E71: Автотранспорт | I71: GA3948333_3_20260625T145932Z.jpg | J71: C:\ВИДЕОНАБЛЮДЕНИЕ\3 Парковка офиса\ | K71: 3 Парковка офиса\GA3948333_3_20260625T145932Z.jpg | L71: чт 25.06.2026 — 14:59:32 | M71: =HYPERLINK(склад2въезд18[[#This Row],[RelativePath]]) -> 3 Парковка офиса\GA3948333_3_20260625T145932Z.jpg
A72: чт | B72: 46198 | C72: 0.84324074 | D72: Фиксация в кадре | E72: Audi Q7 белая | I72: GA3948333_3_20260625T201416Z.jpg | J72: C:\ВИДЕОНАБЛЮДЕНИЕ\3 Парковка офиса\ | K72: 3 Парковка офиса\GA3948333_3_20260625T201416Z.jpg | L72: чт 25.06.2026 — 20:14:16 | M72: =HYPERLINK(склад2въезд18[[#This Row],[RelativePath]]) -> 3 Парковка офиса\GA3948333_3_20260625T201416Z.jpg
A73: пт | B73: 46199 | C73: 0.35866898 | D73: без событий | E73: Территория | I73: GA3948333_3_20260626T083629Z.jpg | J73: C:\ВИДЕОНАБЛЮДЕНИЕ\3 Парковка офиса\ | K73: 3 Парковка офиса\GA3948333_3_20260626T083629Z.jpg | L73: пт 26.06.2026 — 08:36:29 | M73: =HYPERLINK(склад2въезд18[[#This Row],[RelativePath]]) -> 3 Парковка офиса\GA3948333_3_20260626T083629Z.jpg
A74: пт | B74: 46199 | C74: 0.44934028 | D74: Фиксация в кадре | E74: Автотранспорт | I74: GA3948333_3_20260626T104703Z.jpg | J74: C:\ВИДЕОНАБЛЮДЕНИЕ\3 Парковка офиса\ | K74: 3 Парковка офиса\GA3948333_3_20260626T104703Z.jpg | L74: пт 26.06.2026 — 10:47:03 | M74: =HYPERLINK(склад2въезд18[[#This Row],[RelativePath]]) -> 3 Парковка офиса\GA3948333_3_20260626T104703Z.jpg
A75: сб | B75: 46200 | C75: 0.86436343 | D75: без событий | E75: Территория | I75: GA3948333_3_20260627T204441Z.jpg | J75: C:\ВИДЕОНАБЛЮДЕНИЕ\3 Парковка офиса\ | K75: 3 Парковка офиса\GA3948333_3_20260627T204441Z.jpg | L75: сб 27.06.2026 — 20:44:41 | M75: =HYPERLINK(склад2въезд18[[#This Row],[RelativePath]]) -> 3 Парковка офиса\GA3948333_3_20260627T204441Z.jpg
... A96: пн | B96: 46209 | C96: 0.41211806 | D96: Перемещение коробки | E96: Сотрудник | I96: GA3948333_3_20260706T095327Z.jpg | J96: C:\ВИДЕОНАБЛЮДЕНИЕ\3 Парковка офиса\ | K96: 3 Парковка офиса\GA3948333_3_20260706T095327Z.jpg | L96: пн 06.07.2026 — 09:53:27 | M96: =HYPERLINK(склад2въезд18[[#This Row],[RelativePath]]) -> 3 Парковка офиса\GA3948333_3_20260706T095327Z.jpg
A97: пн | B97: 46209 | C97: 0.47262731 | D97: Загрузка | E97: Lada Granta | F97: материалы, коробка | H97: Парковка офиса | I97: GA3948333_3_20260706T112035Z.jpg | J97: C:\ВИДЕОНАБЛЮДЕНИЕ\3 Парковка офиса\ | K97: 3 Парковка офиса\GA3948333_3_20260706T112035Z.jpg | L97: пн 06.07.2026 — 11:20:35 | M97: =HYPERLINK(склад2въезд18[[#This Row],[RelativePath]]) -> 3 Парковка офиса\GA3948333_3_20260706T112035Z.jpg
A98: пн | B98: 46209 | C98: 0.47305556 | D98: Загрузка | E98: Lada Granta | F98: инструменты | H98: Парковка офиса | I98: GA3948333_3_20260706T112112Z.jpg | J98: C:\ВИДЕОНАБЛЮДЕНИЕ\3 Парковка офиса\ | K98: 3 Парковка офиса\GA3948333_3_20260706T112112Z.jpg | L98: пн 06.07.2026 — 11:21:12 | M98: =HYPERLINK(склад2въезд18[[#This Row],[RelativePath]]) -> 3 Парковка офиса\GA3948333_3_20260706T112112Z.jpg
A99: пн | B99: 46209 | C99: 0.47315972 | D99: Загрузка | E99: Lada Granta | F99: канистра | H99: Парковка офиса | I99: GA3948333_3_20260706T112121Z.jpg | J99: C:\ВИДЕОНАБЛЮДЕНИЕ\3 Парковка офиса\ | K99: 3 Парковка офиса\GA3948333_3_20260706T112121Z.jpg | L99: пн 06.07.2026 — 11:21:21 | M99: =HYPERLINK(склад2въезд18[[#This Row],[RelativePath]]) -> 3 Парковка офиса\GA3948333_3_20260706T112121Z.jpg
A100: пн | B100: 46209 | C100: 0.47493056 | D100: Загрузка | E100: Lada Granta | F100: коробки | H100: Парковка офиса | I100: GA3948333_3_20260706T112354Z.jpg | J100: C:\ВИДЕОНАБЛЮДЕНИЕ\3 Парковка офиса\ | K100: 3 Парковка офиса\GA3948333_3_20260706T112354Z.jpg | L100: пн 06.07.2026 — 11:23:54 | M100: =HYPERLINK(склад2въезд18[[#This Row],[RelativePath]]) -> 3 Парковка офиса\GA3948333_3_20260706T112354Z.jpg
A101: вт | B101: 46210 | C101: 0.46730324 | D101: Фиксация в кадре | E101: Автотранспорт | I101: GA3948333_3_20260707T111255Z.jpg | J101: C:\ВИДЕОНАБЛЮДЕНИЕ\3 Парковка офиса\ | K101: 3 Парковка офиса\GA3948333_3_20260707T111255Z.jpg | L101: вт 07.07.2026 — 11:12:55 | M101: =HYPERLINK(склад2въезд18[[#This Row],[RelativePath]]) -> 3 Парковка офиса\GA3948333_3_20260707T111255Z.jpg
A102: вт | B102: 46210 | C102: 0.65055556 | D102: Фиксация в кадре | E102: Автотранспорт | I102: GA3948333_3_20260707T153648Z.jpg | J102: C:\ВИДЕОНАБЛЮДЕНИЕ\3 Парковка офиса\ | K102: 3 Парковка офиса\GA3948333_3_20260707T153648Z.jpg | L102: вт 07.07.2026 — 15:36:48 | M102: =HYPERLINK(склад2въезд18[[#This Row],[RelativePath]]) -> 3 Парковка офиса\GA3948333_3_20260707T153648Z.jpg
A103: вт | B103: 46210 | C103: 0.67240741 | D103: Фиксация в кадре | E103: Автотранспорт | I103: GA3948333_3_20260707T160816Z.jpg | J103: C:\ВИДЕОНАБЛЮДЕНИЕ\3 Парковка офиса\ | K103: 3 Парковка офиса\GA3948333_3_20260707T160816Z.jpg | L103: вт 07.07.2026 — 16:08:16 | M103: =HYPERLINK(склад2въезд18[[#This Row],[RelativePath]]) -> 3 Парковка офиса\GA3948333_3_20260707T160816Z.jpg
A104: вт | B104: 46210 | C104: 0.75592593 | D104: Фиксация в кадре | E104: Автотранспорт | I104: GA3948333_3_20260707T180832Z.jpg | J104: C:\ВИДЕОНАБЛЮДЕНИЕ\3 Парковка офиса\ | K104: 3 Парковка офиса\GA3948333_3_20260707T180832Z.jpg | L104: вт 07.07.2026 — 18:08:32 | M104: =HYPERLINK(склад2въезд18[[#This Row],[RelativePath]]) -> 3 Парковка офиса\GA3948333_3_20260707T180832Z.jpg
A105: ср | B105: 46211 | C105: 0.38202546 | D105: Фиксация в кадре | E105: Автотранспорт | I105: GA3948333_3_20260708T091007Z.jpg | J105: C:\ВИДЕОНАБЛЮДЕНИЕ\3 Парковка офиса\ | K105: 3 Парковка офиса\GA3948333_3_20260708T091007Z.jpg | L105: ср 08.07.2026 — 09:10:07 | M105: =HYPERLINK(склад2въезд18[[#This Row],[RelativePath]]) -> 3 Парковка офиса\GA3948333_3_20260708T091007Z.jpg
A106: ср | B106: 46211 | C106: 0.65784722 | D106: Фиксация в кадре | E106: Автотранспорт | I106: GA3948333_3_20260708T154718Z.jpg | J106: C:\ВИДЕОНАБЛЮДЕНИЕ\3 Парковка офиса\ | K106: 3 Парковка офиса\GA3948333_3_20260708T154718Z.jpg | L106: ср 08.07.2026 — 15:47:18 | M106: =HYPERLINK(склад2въезд18[[#This Row],[RelativePath]]) -> 3 Парковка офиса\GA3948333_3_20260708T154718Z.jpg
A107: чт | B107: 46212 | C107: 0.46739583 | D107: Фиксация в кадре | E107: Автотранспорт | I107: GA3948333_3_20260709T111303Z.jpg | J107: C:\ВИДЕОНАБЛЮДЕНИЕ\3 Парковка офиса\ | K107: 3 Парковка офиса\GA3948333_3_20260709T111303Z.jpg | L107: чт 09.07.2026 — 11:13:03 | M107: =HYPERLINK(склад2въезд18[[#This Row],[RelativePath]]) -> 3 Парковка офиса\GA3948333_3_20260709T111303Z.jpg
A108: чт | B108: 46212 | C108: 0.69515046 | D108: Перемещение настила | E108: Трактор базы | I108: GA3948333_3_20260709T164101Z.jpg | J108: C:\ВИДЕОНАБЛЮДЕНИЕ\3 Парковка офиса\ | K108: 3 Парковка офиса\GA3948333_3_20260709T164101Z.jpg | L108: чт 09.07.2026 — 16:41:01 | M108: =HYPERLINK(склад2въезд18[[#This Row],[RelativePath]]) -> 3 Парковка офиса\GA3948333_3_20260709T164101Z.jpg
A109: пт | B109: 46213 | C109: 0.36336806 | D109: Стоянка | E109: Lada Granta | F109: доски | H109: на крыше | I109: GA3948333_3_20260710T084315Z.jpg | J109: C:\ВИДЕОНАБЛЮДЕНИЕ\3 Парковка офиса\ | K109: 3 Парковка офиса\GA3948333_3_20260710T084315Z.jpg | L109: пт 10.07.2026 — 08:43:15 | M109: =HYPERLINK(склад2въезд18[[#This Row],[RelativePath]]) -> 3 Парковка офиса\GA3948333_3_20260710T084315Z.jpg
A110: пт | B110: 46213 | C110: 0.57268519 | D110: Фиксация в кадре | E110: Автотранспорт | I110: GA3948333_3_20260710T134440Z.jpg | J110: C:\ВИДЕОНАБЛЮДЕНИЕ\3 Парковка офиса\ | K110: 3 Парковка офиса\GA3948333_3_20260710T134440Z.jpg | L110: пт 10.07.2026 — 13:44:40 | M110: =HYPERLINK(склад2въезд18[[#This Row],[RelativePath]]) -> 3 Парковка офиса\GA3948333_3_20260710T134440Z.jpg
A111: пт | B111: 46213 | C111: 0.60428241 | D111: Фиксация в кадре | E111: Автотранспорт | I111: GA3948333_3_20260710T143010Z.jpg | J111: C:\ВИДЕОНАБЛЮДЕНИЕ\3 Парковка офиса\ | K111: 3 Парковка офиса\GA3948333_3_20260710T143010Z.jpg | L111: пт 10.07.2026 — 14:30:10 | M111: =HYPERLINK(склад2въезд18[[#This Row],[RelativePath]]) -> 3 Парковка офиса\GA3948333_3_20260710T143010Z.jpg
A112: пт | B112: 46213 | C112: 0.68322917 | D112: Фиксация в кадре | E112: Автотранспорт | I112: GA3948333_3_20260710T162351Z.jpg | J112: C:\ВИДЕОНАБЛЮДЕНИЕ\3 Парковка офиса\ | K112: 3 Парковка офиса\GA3948333_3_20260710T162351Z.jpg | L112: пт 10.07.2026 — 16:23:51 | M112: =HYPERLINK(склад2въезд18[[#This Row],[RelativePath]]) -> 3 Парковка офиса\GA3948333_3_20260710T162351Z.jpg
A113: сб | B113: 46214 | C113: 0.48215278 | D113: Стоянка | E113: Skoda Octavia | I113: GA3948333_3_20260711T113418Z.jpg | J113: C:\ВИДЕОНАБЛЮДЕНИЕ\3 Парковка офиса\ | K113: 3 Парковка офиса\GA3948333_3_20260711T113418Z.jpg | L113: сб 11.07.2026 — 11:34:18 | M113: =HYPERLINK(склад2въезд18[[#This Row],[RelativePath]]) -> 3 Парковка офиса\GA3948333_3_20260711T113418Z.jpg
A114: сб | B114: 46214 | C114: 0.54711806 | D114: Убытие | E114: Skoda Octavia | I114: GA3948333_3_20260711T130751Z.jpg | J114: C:\ВИДЕОНАБЛЮДЕНИЕ\3 Парковка офиса\ | K114: 3 Парковка офиса\GA3948333_3_20260711T130751Z.jpg | L114: сб 11.07.2026 — 13:07:51 | M114: =HYPERLINK(склад2въезд18[[#This Row],[RelativePath]]) -> 3 Парковка офиса\GA3948333_3_20260711T130751Z.jpg
A115: вс | B115: 46215 | C115: 0.90739583 | D115: без событий | E115: Территория | I115: GA3948333_3_20260712T214639Z.jpg | J115: C:\ВИДЕОНАБЛЮДЕНИЕ\3 Парковка офиса\ | K115: 3 Парковка офиса\GA3948333_3_20260712T214639Z.jpg | L115: вс 12.07.2026 — 21:46:39 | M115: =HYPERLINK(склад2въезд18[[#This Row],[RelativePath]]) -> 3 Парковка офиса\GA3948333_3_20260712T214639Z.jpg
A116: пн | B116: 46216 | C116: 0.37184028 | D116: Фиксация в кадре | E116: Автотранспорт | I116: GA3948333_3_20260713T085527Z.jpg | J116: C:\ВИДЕОНАБЛЮДЕНИЕ\3 Парковка офиса\ | K116: 3 Парковка офиса\GA3948333_3_20260713T085527Z.jpg | L116: пн 13.07.2026 — 08:55:27 | M116: =HYPERLINK(склад2въезд18[[#This Row],[RelativePath]]) -> 3 Парковка офиса\GA3948333_3_20260713T085527Z.jpg
A117: пн | B117: 46216 | C117: 0.4094213 | D117: Фиксация в кадре | E117: Автотранспорт | I117: GA3948333_3_20260713T094934Z.jpg | J117: C:\ВИДЕОНАБЛЮДЕНИЕ\3 Парковка офиса\ | K117: 3 Парковка офиса\GA3948333_3_20260713T094934Z.jpg | L117: пн 13.07.2026 — 09:49:34 | M117: =HYPERLINK(склад2въезд18[[#This Row],[RelativePath]]) -> 3 Парковка офиса\GA3948333_3_20260713T094934Z.jpg
A118: пн | B118: 46216 | C118: 0.56888889 | D118: Фиксация в кадре | E118: Автотранспорт | I118: GA3948333_3_20260713T133912Z.jpg | J118: C:\ВИДЕОНАБЛЮДЕНИЕ\3 Парковка офиса\ | K118: 3 Парковка офиса\GA3948333_3_20260713T133912Z.jpg | L118: пн 13.07.2026 — 13:39:12 | M118: =HYPERLINK(склад2въезд18[[#This Row],[RelativePath]]) -> 3 Парковка офиса\GA3948333_3_20260713T133912Z.jpg
A119: пн | B119: 46216 | C119: 0.68642361 | D119: Фиксация в кадре | E119: Автотранспорт | I119: GA3948333_3_20260713T162827Z.jpg | J119: C:\ВИДЕОНАБЛЮДЕНИЕ\3 Парковка офиса\ | K119: 3 Парковка офиса\GA3948333_3_20260713T162827Z.jpg | L119: пн 13.07.2026 — 16:28:27 | M119: =HYPERLINK(склад2въезд18[[#This Row],[RelativePath]]) -> 3 Парковка офиса\GA3948333_3_20260713T162827Z.jpg
A120: пн | B120: 46216 | C120: 0.69243056 | D120: Фиксация в кадре | E120: Автотранспорт | I120: GA3948333_3_20260713T163706Z.jpg | J120: C:\ВИДЕОНАБЛЮДЕНИЕ\3 Парковка офиса\ | K120: 3 Парковка офиса\GA3948333_3_20260713T163706Z.jpg | L120: пн 13.07.2026 — 16:37:06 | M120: =HYPERLINK(склад2въезд18[[#This Row],[RelativePath]]) -> 3 Парковка офиса\GA3948333_3_20260713T163706Z.jpg
A121: пн | B121: 46216 | C121: 0.88081019 | D121: Фиксация в кадре | E121: Автотранспорт | I121: GA3948333_3_20260713T210822Z.jpg | J121: C:\ВИДЕОНАБЛЮДЕНИЕ\3 Парковка офиса\ | K121: 3 Парковка офиса\GA3948333_3_20260713T210822Z.jpg | L121: пн 13.07.2026 — 21:08:22 | M121: =HYPERLINK(склад2въезд18[[#This Row],[RelativePath]]) -> 3 Парковка офиса\GA3948333_3_20260713T210822Z.jpg
A122: вт | B122: 46217 | C122: 0.37884259 | D122: Фиксация в кадре | E122: Автотранспорт | I122: GA3948333_3_20260714T090532Z.jpg | J122: C:\ВИДЕОНАБЛЮДЕНИЕ\3 Парковка офиса\ | K122: 3 Парковка офиса\GA3948333_3_20260714T090532Z.jpg | L122: вт 14.07.2026 — 09:05:32 | M122: =HYPERLINK(склад2въезд18[[#This Row],[RelativePath]]) -> 3 Парковка офиса\GA3948333_3_20260714T090532Z.jpg
A123: вт | B123: 46217 | C123: 0.45280093 | D123: Разгрузка | E123: Легковая | F123: бутылированная вода | I123: GA3948333_3_20260714T105202Z.jpg | J123: C:\ВИДЕОНАБЛЮДЕНИЕ\3 Парковка офиса\ | K123: 3 Парковка офиса\GA3948333_3_20260714T105202Z.jpg | L123: вт 14.07.2026 — 10:52:02 | M123: =HYPERLINK(склад2въезд18[[#This Row],[RelativePath]]) -> 3 Парковка офиса\GA3948333_3_20260714T105202Z.jpg
A124: вт | B124: 46217 | C124: 0.45355324 | D124: Разгрузка | E124: Легковая | F124: коробка | H124: Парковка офиса | I124: GA3948333_3_20260714T105307Z.jpg | J124: C:\ВИДЕОНАБЛЮДЕНИЕ\3 Парковка офиса\ | K124: 3 Парковка офиса\GA3948333_3_20260714T105307Z.jpg | L124: вт 14.07.2026 — 10:53:07 | M124: =HYPERLINK(склад2въезд18[[#This Row],[RelativePath]]) -> 3 Парковка офиса\GA3948333_3_20260714T105307Z.jpg
A125: вт | B125: 46217 | C125: 0.4628125 | D125: Фиксация в кадре | E125: Автотранспорт | I125: GA3948333_3_20260714T110627Z.jpg | J125: C:\ВИДЕОНАБЛЮДЕНИЕ\3 Парковка офиса\ | K125: 3 Парковка офиса\GA3948333_3_20260714T110627Z.jpg | L125: вт 14.07.2026 — 11:06:27 | M125: =HYPERLINK(склад2въезд18[[#This Row],[RelativePath]]) -> 3 Парковка офиса\GA3948333_3_20260714T110627Z.jpg
A126: вт | B126: 46217 | C126: 0.5325463 | D126: Фиксация в кадре | E126: Автотранспорт | I126: GA3948333_3_20260714T124652Z.jpg | J126: C:\ВИДЕОНАБЛЮДЕНИЕ\3 Парковка офиса\ | K126: 3 Парковка офиса\GA3948333_3_20260714T124652Z.jpg | L126: вт 14.07.2026 — 12:46:52 | M126: =HYPERLINK(склад2въезд18[[#This Row],[RelativePath]]) -> 3 Парковка офиса\GA3948333_3_20260714T124652Z.jpg
A127: вт | B127: 46217 | C127: 0.61709491 | D127: Фиксация в кадре | E127: Автотранспорт | I127: GA3948333_3_20260714T144837Z.jpg | J127: C:\ВИДЕОНАБЛЮДЕНИЕ\3 Парковка офиса\ | K127: 3 Парковка офиса\GA3948333_3_20260714T144837Z.jpg | L127: вт 14.07.2026 — 14:48:37 | M127: =HYPERLINK(склад2въезд18[[#This Row],[RelativePath]]) -> 3 Парковка офиса\GA3948333_3_20260714T144837Z.jpg
A128: ср | B128: 46218 | C128: 0.37696759 | D128: Фиксация в кадре | E128: Автотранспорт | I128: GA3948333_3_20260715T090250Z.jpg | J128: C:\ВИДЕОНАБЛЮДЕНИЕ\3 Парковка офиса\ | K128: 3 Парковка офиса\GA3948333_3_20260715T090250Z.jpg | L128: ср 15.07.2026 — 09:02:50 | M128: =HYPERLINK(склад2въезд18[[#This Row],[RelativePath]]) -> 3 Парковка офиса\GA3948333_3_20260715T090250Z.jpg
...

Sheet 4 Крыльцо офиса
A1: День нед | B1: Дата | C1: Время | D1: Событие | E1: Объект | F1: Груз | G1: Кол-во | H1: Примечание | I1: Name | J1: Folder Path | K1: RelativePath | L1: Подпись | M1: Ссылка на фото
A2: пт | B2: 46171 | C2: 0.38454861 | D2: без событий | E2: Территория | I2: K07156189_21_20260529T091345Z.jpg | J2: C:\ВИДЕОНАБЛЮДЕНИЕ\4 Крыльцо офиса\ | K2: 4 Крыльцо офиса\K07156189_21_20260529T091345Z.jpg | L2: пт 29.05.2026 — 09:13:45 | M2: =HYPERLINK(склад2въезд13[[#This Row],[RelativePath]]) -> 4 Крыльцо офиса\K07156189_21_20260529T091345Z.jpg
A3: пт | B3: 46171 | C3: 0.48114583 | D3: Фиксация в кадре | E3: Автотранспорт | I3: K07156189_21_20260529T113251Z.jpg | J3: C:\ВИДЕОНАБЛЮДЕНИЕ\4 Крыльцо офиса\ | K3: 4 Крыльцо офиса\K07156189_21_20260529T113251Z.jpg | L3: пт 29.05.2026 — 11:32:51 | M3: =HYPERLINK(склад2въезд13[[#This Row],[RelativePath]]) -> 4 Крыльцо офиса\K07156189_21_20260529T113251Z.jpg
A4: пт | B4: 46171 | C4: 0.53555556 | D4: Фиксация в кадре | E4: Автотранспорт | I4: K07156189_21_20260529T125112Z.jpg | J4: C:\ВИДЕОНАБЛЮДЕНИЕ\4 Крыльцо офиса\ | K4: 4 Крыльцо офиса\K07156189_21_20260529T125112Z.jpg | L4: пт 29.05.2026 — 12:51:12 | M4: =HYPERLINK(склад2въезд13[[#This Row],[RelativePath]]) -> 4 Крыльцо офиса\K07156189_21_20260529T125112Z.jpg
A5: пт | B5: 46171 | C5: 0.56240741 | D5: Разгрузка | E5: Легковая темная | F5: материалы | I5: K07156189_21_20260529T132952Z.jpg | J5: C:\ВИДЕОНАБЛЮДЕНИЕ\4 Крыльцо офиса\ | K5: 4 Крыльцо офиса\K07156189_21_20260529T132952Z.jpg | L5: пт 29.05.2026 — 13:29:52 | M5: =HYPERLINK(склад2въезд13[[#This Row],[RelativePath]]) -> 4 Крыльцо офиса\K07156189_21_20260529T132952Z.jpg
A6: пт | B6: 46171 | C6: 0.56259259 | D6: Разгрузка | E6: Легковая темная | F6: агрегат | I6: K07156189_21_20260529T133008Z.jpg | J6: C:\ВИДЕОНАБЛЮДЕНИЕ\4 Крыльцо офиса\ | K6: 4 Крыльцо офиса\K07156189_21_20260529T133008Z.jpg | L6: пт 29.05.2026 — 13:30:08 | M6: =HYPERLINK(склад2въезд13[[#This Row],[RelativePath]]) -> 4 Крыльцо офиса\K07156189_21_20260529T133008Z.jpg
A7: пт | B7: 46171 | C7: 0.61592593 | D7: Перемещение материалов | E7: Сотрудник | I7: K07156189_21_20260529T144656Z.jpg | J7: C:\ВИДЕОНАБЛЮДЕНИЕ\4 Крыльцо офиса\ | K7: 4 Крыльцо офиса\K07156189_21_20260529T144656Z.jpg | L7: пт 29.05.2026 — 14:46:56 | M7: =HYPERLINK(склад2въезд13[[#This Row],[RelativePath]]) -> 4 Крыльцо офиса\K07156189_21_20260529T144656Z.jpg
A8: пт | B8: 46171 | C8: 0.61834491 | D8: Перемещение агрегата | E8: Сотрудник | I8: K07156189_21_20260529T145025Z.jpg | J8: C:\ВИДЕОНАБЛЮДЕНИЕ\4 Крыльцо офиса\ | K8: 4 Крыльцо офиса\K07156189_21_20260529T145025Z.jpg | L8: пт 29.05.2026 — 14:50:25 | M8: =HYPERLINK(склад2въезд13[[#This Row],[RelativePath]]) -> 4 Крыльцо офиса\K07156189_21_20260529T145025Z.jpg
A9: сб | B9: 46172 | C9: 0.4134838 | D9: без событий | E9: Территория | I9: K07156189_21_20260530T095525Z.jpg | J9: C:\ВИДЕОНАБЛЮДЕНИЕ\4 Крыльцо офиса\ | K9: 4 Крыльцо офиса\K07156189_21_20260530T095525Z.jpg | L9: сб 30.05.2026 — 09:55:25 | M9: =HYPERLINK(склад2въезд13[[#This Row],[RelativePath]]) -> 4 Крыльцо офиса\K07156189_21_20260530T095525Z.jpg
A10: сб | B10: 46172 | C10: 0.41356481 | D10: Загрузка | E10: Легковая серая | F10: шланг | H10: из камаза базы | I10: K07156189_21_20260530T095532Z.jpg | J10: C:\ВИДЕОНАБЛЮДЕНИЕ\4 Крыльцо офиса\ | K10: 4 Крыльцо офиса\K07156189_21_20260530T095532Z.jpg | L10: сб 30.05.2026 — 09:55:32 | M10: =HYPERLINK(склад2въезд13[[#This Row],[RelativePath]]) -> 4 Крыльцо офиса\K07156189_21_20260530T095532Z.jpg
A11: вс | B11: 46173 | C11: 0.65414352 | D11: без событий | E11: Территория | I11: K07156189_21_20260531T154158Z.jpg | J11: C:\ВИДЕОНАБЛЮДЕНИЕ\4 Крыльцо офиса\ | K11: 4 Крыльцо офиса\K07156189_21_20260531T154158Z.jpg | L11: вс 31.05.2026 — 15:41:58 | M11: =HYPERLINK(склад2въезд13[[#This Row],[RelativePath]]) -> 4 Крыльцо офиса\K07156189_21_20260531T154158Z.jpg
A12: вс | B12: 46173 | C12: 0.65505787 | D12: без событий | E12: Территория, сотрудники | I12: K07156189_21_20260531T154317Z.jpg | J12: C:\ВИДЕОНАБЛЮДЕНИЕ\4 Крыльцо офиса\ | K12: 4 Крыльцо офиса\K07156189_21_20260531T154317Z.jpg | L12: вс 31.05.2026 — 15:43:17 | M12: =HYPERLINK(склад2въезд13[[#This Row],[RelativePath]]) -> 4 Крыльцо офиса\K07156189_21_20260531T154317Z.jpg
A13: пн | B13: 46174 | C13: 0.5328588 | D13: Разгрузка | E13: Газель белая, фургон | F13: материалы | I13: K07156189_21_20260601T124719Z.jpg | J13: C:\ВИДЕОНАБЛЮДЕНИЕ\4 Крыльцо офиса\ | K13: 4 Крыльцо офиса\K07156189_21_20260601T124719Z.jpg | L13: пн 01.06.2026 — 12:47:19 | M13: =HYPERLINK(склад2въезд13[[#This Row],[RelativePath]]) -> 4 Крыльцо офиса\K07156189_21_20260601T124719Z.jpg
A14: пн | B14: 46174 | C14: 0.53758102 | D14: Разгрузка | E14: Газель белая, фургон | F14: материалы | H14: динамика | I14: K07156189_21_20260601T125407Z.jpg | J14: C:\ВИДЕОНАБЛЮДЕНИЕ\4 Крыльцо офиса\ | K14: 4 Крыльцо офиса\K07156189_21_20260601T125407Z.jpg | L14: пн 01.06.2026 — 12:54:07 | M14: =HYPERLINK(склад2въезд13[[#This Row],[RelativePath]]) -> 4 Крыльцо офиса\K07156189_21_20260601T125407Z.jpg
A15: пн | B15: 46174 | C15: 0.54799769 | D15: Стоянка | E15: Газель белая, фургон | I15: K07156189_21_20260601T130907Z.jpg | J15: C:\ВИДЕОНАБЛЮДЕНИЕ\4 Крыльцо офиса\ | K15: 4 Крыльцо офиса\K07156189_21_20260601T130907Z.jpg | L15: пн 01.06.2026 — 13:09:07 | M15: =HYPERLINK(склад2въезд13[[#This Row],[RelativePath]]) -> 4 Крыльцо офиса\K07156189_21_20260601T130907Z.jpg
A16: пн | B16: 46174 | C16: 0.85542824 | D16: Фиксация в кадре | E16: Территория | I16: K07156189_21_20260601T203149Z.jpg | J16: C:\ВИДЕОНАБЛЮДЕНИЕ\4 Крыльцо офиса\ | K16: 4 Крыльцо офиса\K07156189_21_20260601T203149Z.jpg | L16: пн 01.06.2026 — 20:31:49 | M16: =HYPERLINK(склад2въезд13[[#This Row],[RelativePath]]) -> 4 Крыльцо офиса\K07156189_21_20260601T203149Z.jpg
A17: вт | B17: 46175 | C17: 0.39883102 | D17: Фиксация в кадре | E17: Территория, сотрудники | I17: K07156189_21_20260602T093419Z.jpg | J17: C:\ВИДЕОНАБЛЮДЕНИЕ\4 Крыльцо офиса\ | K17: 4 Крыльцо офиса\K07156189_21_20260602T093419Z.jpg | L17: вт 02.06.2026 — 09:34:19 | M17: =HYPERLINK(склад2въезд13[[#This Row],[RelativePath]]) -> 4 Крыльцо офиса\K07156189_21_20260602T093419Z.jpg
A18: вт | B18: 46175 | C18: 0.42207176 | D18: Фиксация в кадре | E18: Территория | I18: K07156189_21_20260602T100747Z.jpg | J18: C:\ВИДЕОНАБЛЮДЕНИЕ\4 Крыльцо офиса\ | K18: 4 Крыльцо офиса\K07156189_21_20260602T100747Z.jpg | L18: вт 02.06.2026 — 10:07:47 | M18: =HYPERLINK(склад2въезд13[[#This Row],[RelativePath]]) -> 4 Крыльцо офиса\K07156189_21_20260602T100747Z.jpg
A19: вт | B19: 46175 | C19: 0.42943287 | D19: Загрузка | E19: Газель базы | F19: материалы | H19: площадка общага | I19: K07156189_21_20260602T101823Z.jpg | J19: C:\ВИДЕОНАБЛЮДЕНИЕ\4 Крыльцо офиса\ | K19: 4 Крыльцо офиса\K07156189_21_20260602T101823Z.jpg | L19: вт 02.06.2026 — 10:18:23 | M19: =HYPERLINK(склад2въезд13[[#This Row],[RelativePath]]) -> 4 Крыльцо офиса\K07156189_21_20260602T101823Z.jpg
A20: вт | B20: 46175 | C20: 0.43710648 | D20: Проезд | E20: Газель базы | F20: материалы | I20: K07156189_21_20260602T102926Z.jpg | J20: C:\ВИДЕОНАБЛЮДЕНИЕ\4 Крыльцо офиса\ | K20: 4 Крыльцо офиса\K07156189_21_20260602T102926Z.jpg | L20: вт 02.06.2026 — 10:29:26 | M20: =HYPERLINK(склад2въезд13[[#This Row],[RelativePath]]) -> 4 Крыльцо офиса\K07156189_21_20260602T102926Z.jpg
A21: вт | B21: 46175 | C21: 0.4446412 | D21: Фиксация в кадре | E21: Территория | I21: K07156189_21_20260602T104017Z.jpg | J21: C:\ВИДЕОНАБЛЮДЕНИЕ\4 Крыльцо офиса\ | K21: 4 Крыльцо офиса\K07156189_21_20260602T104017Z.jpg | L21: вт 02.06.2026 — 10:40:17 | M21: =HYPERLINK(склад2въезд13[[#This Row],[RelativePath]]) -> 4 Крыльцо офиса\K07156189_21_20260602T104017Z.jpg
A22: ср | B22: 46176 | C22: 0.46253472 | D22: Перемещение бревен | E22: Трактор базы | I22: K07156189_21_20260603T110603Z.jpg | J22: C:\ВИДЕОНАБЛЮДЕНИЕ\4 Крыльцо офиса\ | K22: 4 Крыльцо офиса\K07156189_21_20260603T110603Z.jpg | L22: ср 03.06.2026 — 11:06:03 | M22: =HYPERLINK(склад2въезд13[[#This Row],[RelativePath]]) -> 4 Крыльцо офиса\K07156189_21_20260603T110603Z.jpg
A23: чт | B23: 46177 | C23: 0.40076389 | D23: Фиксация в кадре | E23: Территория | I23: K07156189_21_20260604T093706Z.jpg | J23: C:\ВИДЕОНАБЛЮДЕНИЕ\4 Крыльцо офиса\ | K23: 4 Крыльцо офиса\K07156189_21_20260604T093706Z.jpg | L23: чт 04.06.2026 — 09:37:06 | M23: =HYPERLINK(склад2въезд13[[#This Row],[RelativePath]]) -> 4 Крыльцо офиса\K07156189_21_20260604T093706Z.jpg
A24: чт | B24: 46177 | C24: 0.53038194 | D24: Фиксация в кадре | E24: Территория | I24: K07156189_21_20260604T124345Z.jpg | J24: C:\ВИДЕОНАБЛЮДЕНИЕ\4 Крыльцо офиса\ | K24: 4 Крыльцо офиса\K07156189_21_20260604T124345Z.jpg | L24: чт 04.06.2026 — 12:43:45 | M24: =HYPERLINK(склад2въезд13[[#This Row],[RelativePath]]) -> 4 Крыльцо офиса\K07156189_21_20260604T124345Z.jpg
A25: чт | B25: 46177 | C25: 0.55540509 | D25: Фиксация в кадре | E25: Территория | I25: K07156189_21_20260604T131947Z.jpg | J25: C:\ВИДЕОНАБЛЮДЕНИЕ\4 Крыльцо офиса\ | K25: 4 Крыльцо офиса\K07156189_21_20260604T131947Z.jpg | L25: чт 04.06.2026 — 13:19:47 | M25: =HYPERLINK(склад2въезд13[[#This Row],[RelativePath]]) -> 4 Крыльцо офиса\K07156189_21_20260604T131947Z.jpg
A26: чт | B26: 46177 | C26: 0.67030093 | D26: Фиксация в кадре | E26: Территория | I26: K07156189_21_20260604T160514Z.jpg | J26: C:\ВИДЕОНАБЛЮДЕНИЕ\4 Крыльцо офиса\ | K26: 4 Крыльцо офиса\K07156189_21_20260604T160514Z.jpg | L26: чт 04.06.2026 — 16:05:14 | M26: =HYPERLINK(склад2въезд13[[#This Row],[RelativePath]]) -> 4 Крыльцо офиса\K07156189_21_20260604T160514Z.jpg
A27: чт | B27: 46177 | C27: 0.79219907 | D27: Фиксация в кадре | E27: Территория | I27: K07156189_21_20260604T190046Z.jpg | J27: C:\ВИДЕОНАБЛЮДЕНИЕ\4 Крыльцо офиса\ | K27: 4 Крыльцо офиса\K07156189_21_20260604T190046Z.jpg | L27: чт 04.06.2026 — 19:00:46 | M27: =HYPERLINK(склад2въезд13[[#This Row],[RelativePath]]) -> 4 Крыльцо офиса\K07156189_21_20260604T190046Z.jpg
A28: пт | B28: 46178 | C28: 0.52332176 | D28: Перемещение мешков с опилками | E28: Сотрудник | I28: K07156189_21_20260605T123335Z.jpg | J28: C:\ВИДЕОНАБЛЮДЕНИЕ\4 Крыльцо офиса\ | K28: 4 Крыльцо офиса\K07156189_21_20260605T123335Z.jpg | L28: пт 05.06.2026 — 12:33:35 | M28: =HYPERLINK(склад2въезд13[[#This Row],[RelativePath]]) -> 4 Крыльцо офиса\K07156189_21_20260605T123335Z.jpg
A29: пт | B29: 46178 | C29: 0.52346065 | D29: Загрузка | E29: chery tiggo, серый | F29: мешок с опилками | G29: 2 | I29: K07156189_21_20260605T123347Z.jpg | J29: C:\ВИДЕОНАБЛЮДЕНИЕ\4 Крыльцо офиса\ | K29: 4 Крыльцо офиса\K07156189_21_20260605T123347Z.jpg | L29: пт 05.06.2026 — 12:33:47 | M29: =HYPERLINK(склад2въезд13[[#This Row],[RelativePath]]) -> 4 Крыльцо офиса\K07156189_21_20260605T123347Z.jpg
A30: пт | B30: 46178 | C30: 0.5903588 | D30: Фиксация в кадре | E30: Территория | I30: K07156189_21_20260605T141007Z.jpg | J30: C:\ВИДЕОНАБЛЮДЕНИЕ\4 Крыльцо офиса\ | K30: 4 Крыльцо офиса\K07156189_21_20260605T141007Z.jpg | L30: пт 05.06.2026 — 14:10:07 | M30: =HYPERLINK(склад2въезд13[[#This Row],[RelativePath]]) -> 4 Крыльцо офиса\K07156189_21_20260605T141007Z.jpg
A31: сб | B31: 46179 | C31: 0.80071759 | D31: без событий | E31: Территория | I31: K07156189_21_20260606T191302Z.jpg | J31: C:\ВИДЕОНАБЛЮДЕНИЕ\4 Крыльцо офиса\ | K31: 4 Крыльцо офиса\K07156189_21_20260606T191302Z.jpg | L31: сб 06.06.2026 — 19:13:02 | M31: =HYPERLINK(склад2въезд13[[#This Row],[RelativePath]]) -> 4 Крыльцо офиса\K07156189_21_20260606T191302Z.jpg
A32: вс | B32: 46180 | C32: 0.6328125 | D32: без событий | E32: Территория | I32: K07156189_21_20260607T151115Z.jpg | J32: C:\ВИДЕОНАБЛЮДЕНИЕ\4 Крыльцо офиса\ | K32: 4 Крыльцо офиса\K07156189_21_20260607T151115Z.jpg | L32: вс 07.06.2026 — 15:11:15 | M32: =HYPERLINK(склад2въезд13[[#This Row],[RelativePath]]) -> 4 Крыльцо офиса\K07156189_21_20260607T151115Z.jpg
A33: вс | B33: 46180 | C33: 0.63354167 | D33: без событий | E33: Территория, сотрудник | F33: ведра, материалы | I33: K07156189_21_20260607T151218Z.jpg | J33: C:\ВИДЕОНАБЛЮДЕНИЕ\4 Крыльцо офиса\ | K33: 4 Крыльцо офиса\K07156189_21_20260607T151218Z.jpg | L33: вс 07.06.2026 — 15:12:18 | M33: =HYPERLINK(склад2въезд13[[#This Row],[RelativePath]]) -> 4 Крыльцо офиса\K07156189_21_20260607T151218Z.jpg
A34: пн | B34: 46181 | C34: 0.49155093 | D34: Фиксация в кадре | E34: Автотранспорт | I34: K07156189_21_20260608T114750Z.jpg | J34: C:\ВИДЕОНАБЛЮДЕНИЕ\4 Крыльцо офиса\ | K34: 4 Крыльцо офиса\K07156189_21_20260608T114750Z.jpg | L34: пн 08.06.2026 — 11:47:50 | M34: =HYPERLINK(склад2въезд13[[#This Row],[RelativePath]]) -> 4 Крыльцо офиса\K07156189_21_20260608T114750Z.jpg
A35: пн | B35: 46181 | C35: 0.65763889 | D35: Фиксация в кадре | E35: Автотранспорт | I35: K07156189_21_20260608T154700Z.jpg | J35: C:\ВИДЕОНАБЛЮДЕНИЕ\4 Крыльцо офиса\ | K35: 4 Крыльцо офиса\K07156189_21_20260608T154700Z.jpg | L35: пн 08.06.2026 — 15:47:00 | M35: =HYPERLINK(склад2въезд13[[#This Row],[RelativePath]]) -> 4 Крыльцо офиса\K07156189_21_20260608T154700Z.jpg
A36: вт | B36: 46182 | C36: 0.59976852 | D36: Фиксация в кадре | E36: Автотранспорт | I36: K07156189_21_20260609T142340Z.jpg | J36: C:\ВИДЕОНАБЛЮДЕНИЕ\4 Крыльцо офиса\ | K36: 4 Крыльцо офиса\K07156189_21_20260609T142340Z.jpg | L36: вт 09.06.2026 — 14:23:40 | M36: =HYPERLINK(склад2въезд13[[#This Row],[RelativePath]]) -> 4 Крыльцо офиса\K07156189_21_20260609T142340Z.jpg
A37: ср | B37: 46183 | C37: 0.74325231 | D37: Фиксация в кадре | E37: Автотранспорт | I37: K07156189_21_20260610T175017Z.jpg | J37: C:\ВИДЕОНАБЛЮДЕНИЕ\4 Крыльцо офиса\ | K37: 4 Крыльцо офиса\K07156189_21_20260610T175017Z.jpg | L37: ср 10.06.2026 — 17:50:17 | M37: =HYPERLINK(склад2въезд13[[#This Row],[RelativePath]]) -> 4 Крыльцо офиса\K07156189_21_20260610T175017Z.jpg
A38: чт | B38: 46184 | C38: 0.5278588 | D38: Фиксация в кадре | E38: Автотранспорт | I38: K07156189_21_20260611T124007Z.jpg | J38: C:\ВИДЕОНАБЛЮДЕНИЕ\4 Крыльцо офиса\ | K38: 4 Крыльцо офиса\K07156189_21_20260611T124007Z.jpg | L38: чт 11.06.2026 — 12:40:07 | M38: =HYPERLINK(склад2въезд13[[#This Row],[RelativePath]]) -> 4 Крыльцо офиса\K07156189_21_20260611T124007Z.jpg
A39: чт | B39: 46184 | C39: 0.53040509 | D39: Разворот | E39: Газель базы | I39: K07156189_21_20260611T124347Z.jpg | J39: C:\ВИДЕОНАБЛЮДЕНИЕ\4 Крыльцо офиса\ | K39: 4 Крыльцо офиса\K07156189_21_20260611T124347Z.jpg | L39: чт 11.06.2026 — 12:43:47 | M39: =HYPERLINK(склад2въезд13[[#This Row],[RelativePath]]) -> 4 Крыльцо офиса\K07156189_21_20260611T124347Z.jpg
A40: чт | B40: 46184 | C40: 0.54818287 | D40: Проезд | E40: Рено логан серый, с прицепом | F40: груз под тентом | I40: K07156189_21_20260611T130923Z.jpg | J40: C:\ВИДЕОНАБЛЮДЕНИЕ\4 Крыльцо офиса\ | K40: 4 Крыльцо офиса\K07156189_21_20260611T130923Z.jpg | L40: чт 11.06.2026 — 13:09:23 | M40: =HYPERLINK(склад2въезд13[[#This Row],[RelativePath]]) -> 4 Крыльцо офиса\K07156189_21_20260611T130923Z.jpg
A41: пт | B41: 46185 | C41: 0.76923611 | D41: без событий | E41: Территория | I41: K07156189_21_20260612T182742Z.jpg | J41: C:\ВИДЕОНАБЛЮДЕНИЕ\4 Крыльцо офиса\ | K41: 4 Крыльцо офиса\K07156189_21_20260612T182742Z.jpg | L41: пт 12.06.2026 — 18:27:42 | M41: =HYPERLINK(склад2въезд13[[#This Row],[RelativePath]]) -> 4 Крыльцо офиса\K07156189_21_20260612T182742Z.jpg
A42: сб | B42: 46186 | C42: 0.78280093 | D42: без событий | E42: Территория | I42: K07156189_21_20260613T184714Z.jpg | J42: C:\ВИДЕОНАБЛЮДЕНИЕ\4 Крыльцо офиса\ | K42: 4 Крыльцо офиса\K07156189_21_20260613T184714Z.jpg | L42: сб 13.06.2026 — 18:47:14 | M42: =HYPERLINK(склад2въезд13[[#This Row],[RelativePath]]) -> 4 Крыльцо офиса\K07156189_21_20260613T184714Z.jpg
A43: вс | B43: 46187 | C43: 0.8012963 | D43: без событий | E43: Территория | I43: K07156189_21_20260614T191352Z.jpg | J43: C:\ВИДЕОНАБЛЮДЕНИЕ\4 Крыльцо офиса\ | K43: 4 Крыльцо офиса\K07156189_21_20260614T191352Z.jpg | L43: вс 14.06.2026 — 19:13:52 | M43: =HYPERLINK(склад2въезд13[[#This Row],[RelativePath]]) -> 4 Крыльцо офиса\K07156189_21_20260614T191352Z.jpg
A44: пн | B44: 46188 | C44: 0.46877315 | D44: Фиксация в кадре | E44: Автотранспорт | I44: K07156189_21_20260615T111502Z.jpg | J44: C:\ВИДЕОНАБЛЮДЕНИЕ\4 Крыльцо офиса\ | K44: 4 Крыльцо офиса\K07156189_21_20260615T111502Z.jpg | L44: пн 15.06.2026 — 11:15:02 | M44: =HYPERLINK(склад2въезд13[[#This Row],[RelativePath]]) -> 4 Крыльцо офиса\K07156189_21_20260615T111502Z.jpg
A45: пн | B45: 46188 | C45: 0.69991898 | D45: Выгрузка | E45: Лада Калина | F45: канистры | G45: 2 | I45: K07156189_21_20260615T164753Z.jpg | J45: C:\ВИДЕОНАБЛЮДЕНИЕ\4 Крыльцо офиса\ | K45: 4 Крыльцо офиса\K07156189_21_20260615T164753Z.jpg | L45: пн 15.06.2026 — 16:47:53 | M45: =HYPERLINK(склад2въезд13[[#This Row],[RelativePath]]) -> 4 Крыльцо офиса\K07156189_21_20260615T164753Z.jpg
A46: пн | B46: 46188 | C46: 0.71328704 | D46: Загрузка | E46: Chery Tiggo | F46: мешки с опилками | G46: 2 | I46: K07156189_21_20260615T170708Z.jpg | J46: C:\ВИДЕОНАБЛЮДЕНИЕ\4 Крыльцо офиса\ | K46: 4 Крыльцо офиса\K07156189_21_20260615T170708Z.jpg | L46: пн 15.06.2026 — 17:07:08 | M46: =HYPERLINK(склад2въезд13[[#This Row],[RelativePath]]) -> 4 Крыльцо офиса\K07156189_21_20260615T170708Z.jpg
A47: вт | B47: 46189 | C47: 0.49016204 | D47: Фиксация в кадре | E47: Автотранспорт | I47: K07156189_21_20260616T114550Z.jpg | J47: C:\ВИДЕОНАБЛЮДЕНИЕ\4 Крыльцо офиса\ | K47: 4 Крыльцо офиса\K07156189_21_20260616T114550Z.jpg | L47: вт 16.06.2026 — 11:45:50 | M47: =HYPERLINK(склад2въезд13[[#This Row],[RelativePath]]) -> 4 Крыльцо офиса\K07156189_21_20260616T114550Z.jpg
A48: ср | B48: 46190 | C48: 0.60334491 | D48: Фиксация в кадре | E48: Автотранспорт | I48: K07156189_21_20260617T142849Z.jpg | J48: C:\ВИДЕОНАБЛЮДЕНИЕ\4 Крыльцо офиса\ | K48: 4 Крыльцо офиса\K07156189_21_20260617T142849Z.jpg | L48: ср 17.06.2026 — 14:28:49 | M48: =HYPERLINK(склад2въезд13[[#This Row],[RelativePath]]) -> 4 Крыльцо офиса\K07156189_21_20260617T142849Z.jpg
A49: чт | B49: 46191 | C49: 0.50009259 | D49: Фиксация в кадре | E49: Автотранспорт | I49: K07156189_21_20260618T120008Z.jpg | J49: C:\ВИДЕОНАБЛЮДЕНИЕ\4 Крыльцо офиса\ | K49: 4 Крыльцо офиса\K07156189_21_20260618T120008Z.jpg | L49: чт 18.06.2026 — 12:00:08 | M49: =HYPERLINK(склад2въезд13[[#This Row],[RelativePath]]) -> 4 Крыльцо офиса\K07156189_21_20260618T120008Z.jpg
A50: пт | B50: 46192 | C50: 0.80273148 | D50: без событий | E50: Территория | I50: K07156189_21_20260619T191556Z.jpg | J50: C:\ВИДЕОНАБЛЮДЕНИЕ\4 Крыльцо офиса\ | K50: 4 Крыльцо офиса\K07156189_21_20260619T191556Z.jpg | L50: пт 19.06.2026 — 19:15:56 | M50: =HYPERLINK(склад2въезд13[[#This Row],[RelativePath]]) -> 4 Крыльцо офиса\K07156189_21_20260619T191556Z.jpg
A51: сб | B51: 46193 | C51: 0.65255787 | D51: без событий | E51: Территория | I51: K07156189_21_20260620T153941Z.jpg | J51: C:\ВИДЕОНАБЛЮДЕНИЕ\4 Крыльцо офиса\ | K51: 4 Крыльцо офиса\K07156189_21_20260620T153941Z.jpg | L51: сб 20.06.2026 — 15:39:41 | M51: =HYPERLINK(склад2въезд13[[#This Row],[RelativePath]]) -> 4 Крыльцо офиса\K07156189_21_20260620T153941Z.jpg
A52: вс | B52: 46194 | C52: 0.89130787 | D52: без событий | E52: Территория | I52: K07156189_21_20260621T212329Z.jpg | J52: C:\ВИДЕОНАБЛЮДЕНИЕ\4 Крыльцо офиса\ | K52: 4 Крыльцо офиса\K07156189_21_20260621T212329Z.jpg | L52: вс 21.06.2026 — 21:23:29 | M52: =HYPERLINK(склад2въезд13[[#This Row],[RelativePath]]) -> 4 Крыльцо офиса\K07156189_21_20260621T212329Z.jpg
A53: пн | B53: 46195 | C53: 0.4219213 | D53: Фиксация в кадре | E53: Автотранспорт | I53: K07156189_21_20260622T100734Z.jpg | J53: C:\ВИДЕОНАБЛЮДЕНИЕ\4 Крыльцо офиса\ | K53: 4 Крыльцо офиса\K07156189_21_20260622T100734Z.jpg | L53: пн 22.06.2026 — 10:07:34 | M53: =HYPERLINK(склад2въезд13[[#This Row],[RelativePath]]) -> 4 Крыльцо офиса\K07156189_21_20260622T100734Z.jpg
A54: пн | B54: 46195 | C54: 0.65255787 | D54: Перемещение бревен | E54: Трактор базы | I54: K07156189_21_20260622T153941Z.jpg | J54: C:\ВИДЕОНАБЛЮДЕНИЕ\4 Крыльцо офиса\ | K54: 4 Крыльцо офиса\K07156189_21_20260622T153941Z.jpg | L54: пн 22.06.2026 — 15:39:41 | M54: =HYPERLINK(склад2въезд13[[#This Row],[RelativePath]]) -> 4 Крыльцо офиса\K07156189_21_20260622T153941Z.jpg
A55: вт | B55: 46196 | C55: 0.52045139 | D55: Фиксация в кадре | E55: Автотранспорт | I55: K07156189_21_20260623T122927Z.jpg | J55: C:\ВИДЕОНАБЛЮДЕНИЕ\4 Крыльцо офиса\ | K55: 4 Крыльцо офиса\K07156189_21_20260623T122927Z.jpg | L55: вт 23.06.2026 — 12:29:27 | M55: =HYPERLINK(склад2въезд13[[#This Row],[RelativePath]]) -> 4 Крыльцо офиса\K07156189_21_20260623T122927Z.jpg
A56: вт | B56: 46196 | C56: 0.81736111 | D56: без событий | E56: Территория | I56: K07156189_21_20260623T193700Z.jpg | J56: C:\ВИДЕОНАБЛЮДЕНИЕ\4 Крыльцо офиса\ | K56: 4 Крыльцо офиса\K07156189_21_20260623T193700Z.jpg | L56: вт 23.06.2026 — 19:37:00 | M56: =HYPERLINK(склад2въезд13[[#This Row],[RelativePath]]) -> 4 Крыльцо офиса\K07156189_21_20260623T193700Z.jpg
A57: ср | B57: 46197 | C57: 0.52266204 | D57: Фиксация в кадре | E57: Автотранспорт | I57: K07156189_21_20260624T123238Z.jpg | J57: C:\ВИДЕОНАБЛЮДЕНИЕ\4 Крыльцо офиса\ | K57: 4 Крыльцо офиса\K07156189_21_20260624T123238Z.jpg | L57: ср 24.06.2026 — 12:32:38 | M57: =HYPERLINK(склад2въезд13[[#This Row],[RelativePath]]) -> 4 Крыльцо офиса\K07156189_21_20260624T123238Z.jpg
A58: чт | B58: 46198 | C58: 0.60505787 | D58: Фиксация в кадре | E58: Автотранспорт | I58: K07156189_21_20260625T143117Z.jpg | J58: C:\ВИДЕОНАБЛЮДЕНИЕ\4 Крыльцо офиса\ | K58: 4 Крыльцо офиса\K07156189_21_20260625T143117Z.jpg | L58: чт 25.06.2026 — 14:31:17 | M58: =HYPERLINK(склад2въезд13[[#This Row],[RelativePath]]) -> 4 Крыльцо офиса\K07156189_21_20260625T143117Z.jpg
... A62: пн | B62: 46202 | C62: 0.68693287 | D62: Фиксация в кадре | E62: Автотранспорт | I62: K07156189_21_20260629T162911Z.jpg | J62: C:\ВИДЕОНАБЛЮДЕНИЕ\4 Крыльцо офиса\ | K62: 4 Крыльцо офиса\K07156189_21_20260629T162911Z.jpg | L62: пн 29.06.2026 — 16:29:11 | M62: =HYPERLINK(склад2въезд13[[#This Row],[RelativePath]]) -> 4 Крыльцо офиса\K07156189_21_20260629T162911Z.jpg
A63: вт | B63: 46203 | C63: 0.79756944 | D63: Проезд | E63: Рено логан серый, с прицепом | F63: доски | I63: K07156189_21_20260630T190830Z.jpg | J63: C:\ВИДЕОНАБЛЮДЕНИЕ\4 Крыльцо офиса\ | K63: 4 Крыльцо офиса\K07156189_21_20260630T190830Z.jpg | L63: вт 30.06.2026 — 19:08:30 | M63: =HYPERLINK(склад2въезд13[[#This Row],[RelativePath]]) -> 4 Крыльцо офиса\K07156189_21_20260630T190830Z.jpg
A64: ср | B64: 46204 | C64: 0.40505787 | D64: Загрузка | E64: Газель базы | F64: инструменты | I64: K07156189_21_20260701T094317Z.jpg | J64: C:\ВИДЕОНАБЛЮДЕНИЕ\4 Крыльцо офиса\ | K64: 4 Крыльцо офиса\K07156189_21_20260701T094317Z.jpg | L64: ср 01.07.2026 — 09:43:17 | M64: =HYPERLINK(склад2въезд13[[#This Row],[RelativePath]]) -> 4 Крыльцо офиса\K07156189_21_20260701T094317Z.jpg
A65: ср | B65: 46204 | C65: 0.40530093 | D65: Загрузка | E65: Газель базы | F65: инструменты | I65: K07156189_21_20260701T094338Z.jpg | J65: C:\ВИДЕОНАБЛЮДЕНИЕ\4 Крыльцо офиса\ | K65: 4 Крыльцо офиса\K07156189_21_20260701T094338Z.jpg | L65: ср 01.07.2026 — 09:43:38 | M65: =HYPERLINK(склад2въезд13[[#This Row],[RelativePath]]) -> 4 Крыльцо офиса\K07156189_21_20260701T094338Z.jpg
A66: ср | B66: 46204 | C66: 0.40575231 | D66: Загрузка | E66: Газель базы | F66: рулон пленки | I66: K07156189_21_20260701T094417Z.jpg | J66: C:\ВИДЕОНАБЛЮДЕНИЕ\4 Крыльцо офиса\ | K66: 4 Крыльцо офиса\K07156189_21_20260701T094417Z.jpg | L66: ср 01.07.2026 — 09:44:17 | M66: =HYPERLINK(склад2въезд13[[#This Row],[RelativePath]]) -> 4 Крыльцо офиса\K07156189_21_20260701T094417Z.jpg
A67: ср | B67: 46204 | C67: 0.40627315 | D67: Загрузка | E67: Газель базы | F67: инструменты | I67: K07156189_21_20260701T094502Z.jpg | J67: C:\ВИДЕОНАБЛЮДЕНИЕ\4 Крыльцо офиса\ | K67: 4 Крыльцо офиса\K07156189_21_20260701T094502Z.jpg | L67: ср 01.07.2026 — 09:45:02 | M67: =HYPERLINK(склад2въезд13[[#This Row],[RelativePath]]) -> 4 Крыльцо офиса\K07156189_21_20260701T094502Z.jpg
A68: ср | B68: 46204 | C68: 0.40640046 | D68: Загрузка | E68: Газель базы | F68: инструменты | I68: K07156189_21_20260701T094513Z.jpg | J68: C:\ВИДЕОНАБЛЮДЕНИЕ\4 Крыльцо офиса\ | K68: 4 Крыльцо офиса\K07156189_21_20260701T094513Z.jpg | L68: ср 01.07.2026 — 09:45:13 | M68: =HYPERLINK(склад2въезд13[[#This Row],[RelativePath]]) -> 4 Крыльцо офиса\K07156189_21_20260701T094513Z.jpg
A69: ср | B69: 46204 | C69: 0.40677083 | D69: Загрузка | E69: Газель базы | F69: кабель | I69: K07156189_21_20260701T094545Z.jpg | J69: C:\ВИДЕОНАБЛЮДЕНИЕ\4 Крыльцо офиса\ | K69: 4 Крыльцо офиса\K07156189_21_20260701T094545Z.jpg | L69: ср 01.07.2026 — 09:45:45 | M69: =HYPERLINK(склад2въезд13[[#This Row],[RelativePath]]) -> 4 Крыльцо офиса\K07156189_21_20260701T094545Z.jpg
A70: ср | B70: 46204 | C70: 0.40694444 | D70: Загрузка | E70: Газель базы | F70: рейка | I70: K07156189_21_20260701T094600Z.jpg | J70: C:\ВИДЕОНАБЛЮДЕНИЕ\4 Крыльцо офиса\ | K70: 4 Крыльцо офиса\K07156189_21_20260701T094600Z.jpg | L70: ср 01.07.2026 — 09:46:00 | M70: =HYPERLINK(склад2въезд13[[#This Row],[RelativePath]]) -> 4 Крыльцо офиса\K07156189_21_20260701T094600Z.jpg
A71: ср | B71: 46204 | C71: 0.40711806 | D71: Загрузка | E71: Газель базы | F71: рейка | I71: K07156189_21_20260701T094615Z.jpg | J71: C:\ВИДЕОНАБЛЮДЕНИЕ\4 Крыльцо офиса\ | K71: 4 Крыльцо офиса\K07156189_21_20260701T094615Z.jpg | L71: ср 01.07.2026 — 09:46:15 | M71: =HYPERLINK(склад2въезд13[[#This Row],[RelativePath]]) -> 4 Крыльцо офиса\K07156189_21_20260701T094615Z.jpg
A72: ср | B72: 46204 | C72: 0.40885417 | D72: Загрузка | E72: Газель базы | F72: коробка синяя | I72: K07156189_21_20260701T094845Z.jpg | J72: C:\ВИДЕОНАБЛЮДЕНИЕ\4 Крыльцо офиса\ | K72: 4 Крыльцо офиса\K07156189_21_20260701T094845Z.jpg | L72: ср 01.07.2026 — 09:48:45 | M72: =HYPERLINK(склад2въезд13[[#This Row],[RelativePath]]) -> 4 Крыльцо офиса\K07156189_21_20260701T094845Z.jpg
A73: чт | B73: 46205 | C73: 0.63627315 | D73: Фиксация в кадре | E73: Автотранспорт | I73: K07156189_21_20260702T151614Z.jpg | J73: C:\ВИДЕОНАБЛЮДЕНИЕ\4 Крыльцо офиса\ | K73: 4 Крыльцо офиса\K07156189_21_20260702T151614Z.jpg | L73: чт 02.07.2026 — 15:16:14 | M73: =HYPERLINK(склад2въезд13[[#This Row],[RelativePath]]) -> 4 Крыльцо офиса\K07156189_21_20260702T151614Z.jpg
A74: пт | B74: 46206 | C74: 0.54496528 | D74: Фиксация в кадре | E74: Автотранспорт | I74: K07156189_21_20260703T130445Z.jpg | J74: C:\ВИДЕОНАБЛЮДЕНИЕ\4 Крыльцо офиса\ | K74: 4 Крыльцо офиса\K07156189_21_20260703T130445Z.jpg | L74: пт 03.07.2026 — 13:04:45 | M74: =HYPERLINK(склад2въезд13[[#This Row],[RelativePath]]) -> 4 Крыльцо офиса\K07156189_21_20260703T130445Z.jpg
A75: сб | B75: 46207 | C75: 0.84989583 | D75: без событий | E75: Территория | I75: K07156189_21_20260704T202351Z.jpg | J75: C:\ВИДЕОНАБЛЮДЕНИЕ\4 Крыльцо офиса\ | K75: 4 Крыльцо офиса\K07156189_21_20260704T202351Z.jpg | L75: сб 04.07.2026 — 20:23:51 | M75: =HYPERLINK(склад2въезд13[[#This Row],[RelativePath]]) -> 4 Крыльцо офиса\K07156189_21_20260704T202351Z.jpg
A76: вс | B76: 46208 | C76: 0.9237037 | D76: Фиксация в кадре | E76: Территория, сотрудники | I76: K07156189_21_20260705T221008Z.jpg | J76: C:\ВИДЕОНАБЛЮДЕНИЕ\4 Крыльцо офиса\ | K76: 4 Крыльцо офиса\K07156189_21_20260705T221008Z.jpg | L76: вс 05.07.2026 — 22:10:08 | M76: =HYPERLINK(склад2въезд13[[#This Row],[RelativePath]]) -> 4 Крыльцо офиса\K07156189_21_20260705T221008Z.jpg
A77: пн | B77: 46209 | C77: 0.35342593 | D77: Фиксация в кадре | E77: Территория, сотрудники | I77: K07156189_21_20260706T082856Z.jpg | J77: C:\ВИДЕОНАБЛЮДЕНИЕ\4 Крыльцо офиса\ | K77: 4 Крыльцо офиса\K07156189_21_20260706T082856Z.jpg | L77: пн 06.07.2026 — 08:28:56 | M77: =HYPERLINK(склад2въезд13[[#This Row],[RelativePath]]) -> 4 Крыльцо офиса\K07156189_21_20260706T082856Z.jpg
A78: пн | B78: 46209 | C78: 0.53888889 | D78: Фиксация в кадре | E78: Автотранспорт | I78: K07156189_21_20260706T125600Z.jpg | J78: C:\ВИДЕОНАБЛЮДЕНИЕ\4 Крыльцо офиса\ | K78: 4 Крыльцо офиса\K07156189_21_20260706T125600Z.jpg | L78: пн 06.07.2026 — 12:56:00 | M78: =HYPERLINK(склад2въезд13[[#This Row],[RelativePath]]) -> 4 Крыльцо офиса\K07156189_21_20260706T125600Z.jpg
A79: вт | B79: 46210 | C79: 0.47525463 | D79: Фиксация в кадре | E79: Автотранспорт | I79: K07156189_21_20260707T112422Z.jpg | J79: C:\ВИДЕОНАБЛЮДЕНИЕ\4 Крыльцо офиса\ | K79: 4 Крыльцо офиса\K07156189_21_20260707T112422Z.jpg | L79: вт 07.07.2026 — 11:24:22 | M79: =HYPERLINK(склад2въезд13[[#This Row],[RelativePath]]) -> 4 Крыльцо офиса\K07156189_21_20260707T112422Z.jpg
A80: ср | B80: 46211 | C80: 0.44752315 | D80: Фиксация в кадре | E80: Автотранспорт | I80: K07156189_21_20260708T104426Z.jpg | J80: C:\ВИДЕОНАБЛЮДЕНИЕ\4 Крыльцо офиса\ | K80: 4 Крыльцо офиса\K07156189_21_20260708T104426Z.jpg | L80: ср 08.07.2026 — 10:44:26 | M80: =HYPERLINK(склад2въезд13[[#This Row],[RelativePath]]) -> 4 Крыльцо офиса\K07156189_21_20260708T104426Z.jpg
A81: чт | B81: 46212 | C81: 0.46945602 | D81: Фиксация в кадре | E81: Автотранспорт | I81: K07156189_21_20260709T111601Z.jpg | J81: C:\ВИДЕОНАБЛЮДЕНИЕ\4 Крыльцо офиса\ | K81: 4 Крыльцо офиса\K07156189_21_20260709T111601Z.jpg | L81: чт 09.07.2026 — 11:16:01 | M81: =HYPERLINK(склад2въезд13[[#This Row],[RelativePath]]) -> 4 Крыльцо офиса\K07156189_21_20260709T111601Z.jpg
A82: пт | B82: 46213 | C82: 0.6050463 | D82: Фиксация в кадре | E82: Газель базы | F82: доски | I82: K07156189_21_20260710T143116Z.jpg | J82: C:\ВИДЕОНАБЛЮДЕНИЕ\4 Крыльцо офиса\ | K82: 4 Крыльцо офиса\K07156189_21_20260710T143116Z.jpg | L82: пт 10.07.2026 — 14:31:16 | M82: =HYPERLINK(склад2въезд13[[#This Row],[RelativePath]]) -> 4 Крыльцо офиса\K07156189_21_20260710T143116Z.jpg
A83: сб | B83: 46214 | C83: 0.52091435 | D83: Фиксация в кадре | E83: Водитель Шкоды, сотрудник | I83: K07156189_21_20260711T123007Z.jpg | J83: C:\ВИДЕОНАБЛЮДЕНИЕ\4 Крыльцо офиса\ | K83: 4 Крыльцо офиса\K07156189_21_20260711T123007Z.jpg | L83: сб 11.07.2026 — 12:30:07 | M83: =HYPERLINK(склад2въезд13[[#This Row],[RelativePath]]) -> 4 Крыльцо офиса\K07156189_21_20260711T123007Z.jpg
A84: вс | B84: 46215 | C84: 0.84878472 | D84: без событий | E84: Территория | I84: K07156189_21_20260712T202215Z.jpg | J84: C:\ВИДЕОНАБЛЮДЕНИЕ\4 Крыльцо офиса\ | K84: 4 Крыльцо офиса\K07156189_21_20260712T202215Z.jpg | L84: вс 12.07.2026 — 20:22:15 | M84: =HYPERLINK(склад2въезд13[[#This Row],[RelativePath]]) -> 4 Крыльцо офиса\K07156189_21_20260712T202215Z.jpg
A85: пн | B85: 46216 | C85: 0.51753472 | D85: без событий | E85: Территория | I85: K07156189_21_20260713T122515Z.jpg | J85: C:\ВИДЕОНАБЛЮДЕНИЕ\4 Крыльцо офиса\ | K85: 4 Крыльцо офиса\K07156189_21_20260713T122515Z.jpg | L85: пн 13.07.2026 — 12:25:15 | M85: =HYPERLINK(склад2въезд13[[#This Row],[RelativePath]]) -> 4 Крыльцо офиса\K07156189_21_20260713T122515Z.jpg
A86: вт | B86: 46217 | C86: 0.55262731 | D86: без событий | E86: Территория | I86: K07156189_21_20260714T131547Z.jpg | J86: C:\ВИДЕОНАБЛЮДЕНИЕ\4 Крыльцо офиса\ | K86: 4 Крыльцо офиса\K07156189_21_20260714T131547Z.jpg | L86: вт 14.07.2026 — 13:15:47 | M86: =HYPERLINK(склад2въезд13[[#This Row],[RelativePath]]) -> 4 Крыльцо офиса\K07156189_21_20260714T131547Z.jpg
A87: ср | B87: 46218 | C87: 0.53503472 | D87: без событий | E87: Территория | I87: K07156189_21_20260715T125027Z.jpg | J87: C:\ВИДЕОНАБЛЮДЕНИЕ\4 Крыльцо офиса\ | K87: 4 Крыльцо офиса\K07156189_21_20260715T125027Z.jpg | L87: ср 15.07.2026 — 12:50:27 | M87: =HYPERLINK(склад2въезд13[[#This Row],[RelativePath]]) -> 4 Крыльцо офиса\K07156189_21_20260715T125027Z.jpg
A88: чт | B88: 46219 | C88: 0.59556713 | D88: без событий | E88: Территория | I88: K07156189_21_20260716T141737Z.jpg | J88: C:\ВИДЕОНАБЛЮДЕНИЕ\4 Крыльцо офиса\ | K88: 4 Крыльцо офиса\K07156189_21_20260716T141737Z.jpg | L88: чт 16.07.2026 — 14:17:37 | M88: =HYPERLINK(склад2въезд13[[#This Row],[RelativePath]]) -> 4 Крыльцо офиса\K07156189_21_20260716T141737Z.jpg
A89: пт | B89: 46220 | C89: 0.43966435 | D89: без событий | E89: Территория | I89: K07156189_21_20260717T103307Z.jpg | J89: C:\ВИДЕОНАБЛЮДЕНИЕ\4 Крыльцо офиса\ | K89: 4 Крыльцо офиса\K07156189_21_20260717T103307Z.jpg | L89: пт 17.07.2026 — 10:33:07 | M89: =HYPERLINK(склад2въезд13[[#This Row],[RelativePath]]) -> 4 Крыльцо офиса\K07156189_21_20260717T103307Z.jpg
A90: пт | B90: 46220 | C90: 0.47953704 | D90: Фиксация в кадре | E90: Территория, сотрудники | I90: K07156189_21_20260717T113032Z.jpg | J90: C:\ВИДЕОНАБЛЮДЕНИЕ\4 Крыльцо офиса\ | K90: 4 Крыльцо офиса\K07156189_21_20260717T113032Z.jpg | L90: пт 17.07.2026 — 11:30:32 | M90: =HYPERLINK(склад2въезд13[[#This Row],[RelativePath]]) -> 4 Крыльцо офиса\K07156189_21_20260717T113032Z.jpg
A91: сб | B91: 46221 | C91: 0.38962963 | D91: Загрузка | E91: Renault Duster, с прицепом | F91: большой мешок с чем-то | I91: K07156189_21_20260718T092104Z.jpg | J91: C:\ВИДЕОНАБЛЮДЕНИЕ\4 Крыльцо офиса\ | K91: 4 Крыльцо офиса\K07156189_21_20260718T092104Z.jpg | L91: сб 18.07.2026 — 09:21:04 | M91: =HYPERLINK(склад2въезд13[[#This Row],[RelativePath]]) -> 4 Крыльцо офиса\K07156189_21_20260718T092104Z.jpg
A92: сб | B92: 46221 | C92: 0.39099537 | D92: Загрузка | E92: Renault Duster, с прицепом | F92: агрегат | I92: K07156189_21_20260718T092302Z.jpg | J92: C:\ВИДЕОНАБЛЮДЕНИЕ\4 Крыльцо офиса\ | K92: 4 Крыльцо офиса\K07156189_21_20260718T092302Z.jpg | L92: сб 18.07.2026 — 09:23:02 | M92: =HYPERLINK(склад2въезд13[[#This Row],[RelativePath]]) -> 4 Крыльцо офиса\K07156189_21_20260718T092302Z.jpg
A93: сб | B93: 46221 | C93: 0.87009259 | D93: Фиксация в кадре | E93: Автотранспорт | I93: K07156189_21_20260718T205256Z.jpg | J93: C:\ВИДЕОНАБЛЮДЕНИЕ\4 Крыльцо офиса\ | K93: 4 Крыльцо офиса\K07156189_21_20260718T205256Z.jpg | L93: сб 18.07.2026 — 20:52:56 | M93: =HYPERLINK(склад2въезд13[[#This Row],[RelativePath]]) -> 4 Крыльцо офиса\K07156189_21_20260718T205256Z.jpg
A94: вс | B94: 46222 | C94: 0.8200463 | D94: без событий | E94: Территория | I94: K07156189_21_20260719T194052Z.jpg | J94: C:\ВИДЕОНАБЛЮДЕНИЕ\4 Крыльцо офиса\ | K94: 4 Крыльцо офиса\K07156189_21_20260719T194052Z.jpg | L94: вс 19.07.2026 — 19:40:52 | M94: =HYPERLINK(склад2въезд13[[#This Row],[RelativePath]]) -> 4 Крыльцо офиса\K07156189_21_20260719T194052Z.jpg
A95: пн | B95: 46223 | C95: 0.3037963 | D95: Фиксация в кадре | E95: Автотранспорт | I95: K07156189_21_20260720T071728Z.jpg | J95: C:\ВИДЕОНАБЛЮДЕНИЕ\4 Крыльцо офиса\ | K95: 4 Крыльцо офиса\K07156189_21_20260720T071728Z.jpg | L95: пн 20.07.2026 — 07:17:28 | M95: =HYPERLINK(склад2въезд13[[#This Row],[RelativePath]]) -> 4 Крыльцо офиса\K07156189_21_20260720T071728Z.jpg
A96: пн | B96: 46223 | C96: 0.33855324 | D96: Фиксация в кадре | E96: Автотранспорт | I96: K07156189_21_20260720T080731Z.jpg | J96: C:\ВИДЕОНАБЛЮДЕНИЕ\4 Крыльцо офиса\ | K96: 4 Крыльцо офиса\K07156189_21_20260720T080731Z.jpg | L96: пн 20.07.2026 — 08:07:31 | M96: =HYPERLINK(склад2въезд13[[#This Row],[RelativePath]]) -> 4 Крыльцо офиса\K07156189_21_20260720T080731Z.jpg
A97: пн | B97: 46223 | C97: 0.38975694 | D97: Фиксация в кадре | E97: Автотранспорт | I97: K07156189_21_20260720T092115Z.jpg | J97: C:\ВИДЕОНАБЛЮДЕНИЕ\4 Крыльцо офиса\ | K97: 4 Крыльцо офиса\K07156189_21_20260720T092115Z.jpg | L97: пн 20.07.2026 — 09:21:15 | M97: =HYPERLINK(склад2въезд13[[#This Row],[RelativePath]]) -> 4 Крыльцо офиса\K07156189_21_20260720T092115Z.jpg
A98: пн | B98: 46223 | C98: 0.42836806 | D98: Разгрузка | E98: Lada Granta темная | F98: полные канистры | G98: 2 | I98: K07156189_21_20260720T101651Z.jpg | J98: C:\ВИДЕОНАБЛЮДЕНИЕ\4 Крыльцо офиса\ | K98: 4 Крыльцо офиса\K07156189_21_20260720T101651Z.jpg | L98: пн 20.07.2026 — 10:16:51 | M98: =HYPERLINK(склад2въезд13[[#This Row],[RelativePath]]) -> 4 Крыльцо офиса\K07156189_21_20260720T101651Z.jpg
A99: пн | B99: 46223 | C99: 0.42871528 | D99: Разгрузка | E99: Lada Granta темная | F99: полные канистры | G99: 2 | I99: K07156189_21_20260720T101721Z.jpg | J99: C:\ВИДЕОНАБЛЮДЕНИЕ\4 Крыльцо офиса\ | K99: 4 Крыльцо офиса\K07156189_21_20260720T101721Z.jpg | L99: пн 20.07.2026 — 10:17:21 | M99: =HYPERLINK(склад2въезд13[[#This Row],[RelativePath]]) -> 4 Крыльцо офиса\K07156189_21_20260720T101721Z.jpg
A100: вт | B100: 46224 | C100: 0.47650463 | D100: Фиксация в кадре | E100: Автотранспорт | I100: K07156189_21_20260721T112610Z.jpg | J100: C:\ВИДЕОНАБЛЮДЕНИЕ\4 Крыльцо офиса\ | K100: 4 Крыльцо офиса\K07156189_21_20260721T112610Z.jpg | L100: вт 21.07.2026 — 11:26:10 | M100: =HYPERLINK(склад2въезд13[[#This Row],[RelativePath]]) -> 4 Крыльцо офиса\K07156189_21_20260721T112610Z.jpg
A101: вт | B101: 46224 | C101: 0.90451389 | D101: без событий | E101: Территория | I101: K07156189_21_20260721T214230Z.jpg | J101: C:\ВИДЕОНАБЛЮДЕНИЕ\4 Крыльцо офиса\ | K101: 4 Крыльцо офиса\K07156189_21_20260721T214230Z.jpg | L101: вт 21.07.2026 — 21:42:30 | M101: =HYPERLINK(склад2въезд13[[#This Row],[RelativePath]]) -> 4 Крыльцо офиса\K07156189_21_20260721T214230Z.jpg
A102: ср | B102: 46225 | C102: 0.67131944 | D102: Фиксация в кадре | E102: Автотранспорт | I102: K07156189_21_20260722T160642Z.jpg | J102: C:\ВИДЕОНАБЛЮДЕНИЕ\4 Крыльцо офиса\ | K102: 4 Крыльцо офиса\K07156189_21_20260722T160642Z.jpg | L102: ср 22.07.2026 — 16:06:42 | M102: =HYPERLINK(склад2въезд13[[#This Row],[RelativePath]]) -> 4 Крыльцо офиса\K07156189_21_20260722T160642Z.jpg
A103: чт | B103: 46226 | C103: 0.71528935 | D103: Загрузка | E103: Toyota Land Cruiser, с прицепом | F103: поленья | H103: Крыльцо офиса | I103: K07156189_21_20260723T171001Z.jpg | J103: C:\ВИДЕОНАБЛЮДЕНИЕ\4 Крыльцо офиса\ | K103: 4 Крыльцо офиса\K07156189_21_20260723T171001Z.jpg | L103: чт 23.07.2026 — 17:10:01 | M103: =HYPERLINK(склад2въезд13[[#This Row],[RelativePath]]) -> 4 Крыльцо офиса\K07156189_21_20260723T171001Z.jpg
...

Sheet 5 Крыльцо общага
A1: День нед | B1: Дата | C1: Время | D1: Событие | E1: Объект | F1: Груз | G1: Кол-во | H1: Примечание | I1: Name | J1: Folder Path | K1: RelativePath | L1: Подпись | M1: Ссылка на фото
A2: пт | B2: 46171 | C2: 0.33322917 | D2: без событий | E2: Территория | I2: K07156189_22_20260529T075951Z.jpg | J2: C:\ВИДЕОНАБЛЮДЕНИЕ\5 Крыльцо общага\ | K2: 5 Крыльцо общага\K07156189_22_20260529T075951Z.jpg | L2: пт 29.05.2026 — 07:59:51 | M2: =HYPERLINK(склад2въезд1319[[#This Row],[RelativePath]]) -> 5 Крыльцо общага\K07156189_22_20260529T075951Z.jpg
A3: пт | B3: 46171 | C3: 0.36511574 | D3: Перемещение бревен | E3: Трактор базы | I3: K07156189_22_20260529T084546Z.jpg | J3: C:\ВИДЕОНАБЛЮДЕНИЕ\5 Крыльцо общага\ | K3: 5 Крыльцо общага\K07156189_22_20260529T084546Z.jpg | L3: пт 29.05.2026 — 08:45:46 | M3: =HYPERLINK(склад2въезд1319[[#This Row],[RelativePath]]) -> 5 Крыльцо общага\K07156189_22_20260529T084546Z.jpg
A4: сб | B4: 46172 | C4: 0.75188657 | D4: без событий | E4: Территория | I4: K07156189_22_20260530T180243Z.jpg | J4: C:\ВИДЕОНАБЛЮДЕНИЕ\5 Крыльцо общага\ | K4: 5 Крыльцо общага\K07156189_22_20260530T180243Z.jpg | L4: сб 30.05.2026 — 18:02:43 | M4: =HYPERLINK(склад2въезд1319[[#This Row],[RelativePath]]) -> 5 Крыльцо общага\K07156189_22_20260530T180243Z.jpg
A5: вс | B5: 46173 | C5: 0.69064815 | D5: без событий | E5: Территория | I5: K07156189_22_20260531T163432Z.jpg | J5: C:\ВИДЕОНАБЛЮДЕНИЕ\5 Крыльцо общага\ | K5: 5 Крыльцо общага\K07156189_22_20260531T163432Z.jpg | L5: вс 31.05.2026 — 16:34:32 | M5: =HYPERLINK(склад2въезд1319[[#This Row],[RelativePath]]) -> 5 Крыльцо общага\K07156189_22_20260531T163432Z.jpg
A6: пн | B6: 46174 | C6: 0.31864583 | D6: Фиксация в кадре | E6: Территория, сотрудники | I6: K07156189_22_20260601T073851Z.jpg | J6: C:\ВИДЕОНАБЛЮДЕНИЕ\5 Крыльцо общага\ | K6: 5 Крыльцо общага\K07156189_22_20260601T073851Z.jpg | L6: пн 01.06.2026 — 07:38:51 | M6: =HYPERLINK(склад2въезд1319[[#This Row],[RelativePath]]) -> 5 Крыльцо общага\K07156189_22_20260601T073851Z.jpg
A7: пн | B7: 46174 | C7: 0.80148148 | D7: без событий | E7: Территория | I7: K07156189_22_20260601T191408Z.jpg | J7: C:\ВИДЕОНАБЛЮДЕНИЕ\5 Крыльцо общага\ | K7: 5 Крыльцо общага\K07156189_22_20260601T191408Z.jpg | L7: пн 01.06.2026 — 19:14:08 | M7: =HYPERLINK(склад2въезд1319[[#This Row],[RelativePath]]) -> 5 Крыльцо общага\K07156189_22_20260601T191408Z.jpg
A8: вт | B8: 46175 | C8: 0.42614583 | D8: Загрузка | E8: Газель базы | F8: материалы | H8: 1 загрузка | I8: K07156189_22_20260602T101339Z.jpg | J8: C:\ВИДЕОНАБЛЮДЕНИЕ\5 Крыльцо общага\ | K8: 5 Крыльцо общага\K07156189_22_20260602T101339Z.jpg | L8: вт 02.06.2026 — 10:13:39 | M8: =HYPERLINK(склад2въезд1319[[#This Row],[RelativePath]]) -> 5 Крыльцо общага\K07156189_22_20260602T101339Z.jpg
A9: вт | B9: 46175 | C9: 0.62486111 | D9: Загрузка | E9: Газель базы | F9: материалы | H9: 2 загрузка | I9: K07156189_22_20260602T145948Z.jpg | J9: C:\ВИДЕОНАБЛЮДЕНИЕ\5 Крыльцо общага\ | K9: 5 Крыльцо общага\K07156189_22_20260602T145948Z.jpg | L9: вт 02.06.2026 — 14:59:48 | M9: =HYPERLINK(склад2въезд1319[[#This Row],[RelativePath]]) -> 5 Крыльцо общага\K07156189_22_20260602T145948Z.jpg
A10: вт | B10: 46175 | C10: 0.64472222 | D10: Фиксация в кадре | E10: Территория | I10: K07156189_22_20260602T152824Z.jpg | J10: C:\ВИДЕОНАБЛЮДЕНИЕ\5 Крыльцо общага\ | K10: 5 Крыльцо общага\K07156189_22_20260602T152824Z.jpg | L10: вт 02.06.2026 — 15:28:24 | M10: =HYPERLINK(склад2въезд1319[[#This Row],[RelativePath]]) -> 5 Крыльцо общага\K07156189_22_20260602T152824Z.jpg
A11: ср | B11: 46176 | C11: 0.46097222 | D11: Перемещение бревна | E11: Трактор базы | I11: K07156189_22_20260603T110348Z.jpg | J11: C:\ВИДЕОНАБЛЮДЕНИЕ\5 Крыльцо общага\ | K11: 5 Крыльцо общага\K07156189_22_20260603T110348Z.jpg | L11: ср 03.06.2026 — 11:03:48 | M11: =HYPERLINK(склад2въезд1319[[#This Row],[RelativePath]]) -> 5 Крыльцо общага\K07156189_22_20260603T110348Z.jpg
A12: ср | B12: 46176 | C12: 0.76475694 | D12: Фиксация в кадре | E12: Территория | I12: K07156189_22_20260603T182115Z.jpg | J12: C:\ВИДЕОНАБЛЮДЕНИЕ\5 Крыльцо общага\ | K12: 5 Крыльцо общага\K07156189_22_20260603T182115Z.jpg | L12: ср 03.06.2026 — 18:21:15 | M12: =HYPERLINK(склад2въезд1319[[#This Row],[RelativePath]]) -> 5 Крыльцо общага\K07156189_22_20260603T182115Z.jpg
A13: чт | B13: 46177 | C13: 0.16450231 | D13: без событий | E13: Территория | H13: нет дневных записей | I13: K07156189_22_20260604T035653Z.jpg | J13: C:\ВИДЕОНАБЛЮДЕНИЕ\5 Крыльцо общага\ | K13: 5 Крыльцо общага\K07156189_22_20260604T035653Z.jpg | L13: чт 04.06.2026 — 03:56:53 | M13: =HYPERLINK(склад2въезд1319[[#This Row],[RelativePath]]) -> 5 Крыльцо общага\K07156189_22_20260604T035653Z.jpg
A14: пт | B14: 46178 | C14: 0.94422454 | D14: без событий | E14: Территория | H14: нет дневных записей | I14: K07156189_22_20260605T223941Z.jpg | J14: C:\ВИДЕОНАБЛЮДЕНИЕ\5 Крыльцо общага\ | K14: 5 Крыльцо общага\K07156189_22_20260605T223941Z.jpg | L14: пт 05.06.2026 — 22:39:41 | M14: =HYPERLINK(склад2въезд1319[[#This Row],[RelativePath]]) -> 5 Крыльцо общага\K07156189_22_20260605T223941Z.jpg
A15: сб | B15: 46179 | C15: 0.95427083 | D15: без событий | E15: Территория | H15: нет дневных записей | I15: K07156189_22_20260606T225409Z.jpg | J15: C:\ВИДЕОНАБЛЮДЕНИЕ\5 Крыльцо общага\ | K15: 5 Крыльцо общага\K07156189_22_20260606T225409Z.jpg | L15: сб 06.06.2026 — 22:54:09 | M15: =HYPERLINK(склад2въезд1319[[#This Row],[RelativePath]]) -> 5 Крыльцо общага\K07156189_22_20260606T225409Z.jpg
A16: вс | B16: 46180 | C16: 0.95313657 | D16: без событий | E16: Территория | H16: нет дневных записей | I16: K07156189_22_20260607T225231Z.jpg | J16: C:\ВИДЕОНАБЛЮДЕНИЕ\5 Крыльцо общага\ | K16: 5 Крыльцо общага\K07156189_22_20260607T225231Z.jpg | L16: вс 07.06.2026 — 22:52:31 | M16: =HYPERLINK(склад2въезд1319[[#This Row],[RelativePath]]) -> 5 Крыльцо общага\K07156189_22_20260607T225231Z.jpg
A17: пн | B17: 46181 | C17: 0.57663194 | D17: Фиксация в кадре | E17: Территория, сотрудники | I17: K07156189_22_20260608T135021Z.jpg | J17: C:\ВИДЕОНАБЛЮДЕНИЕ\5 Крыльцо общага\ | K17: 5 Крыльцо общага\K07156189_22_20260608T135021Z.jpg | L17: пн 08.06.2026 — 13:50:21 | M17: =HYPERLINK(склад2въезд1319[[#This Row],[RelativePath]]) -> 5 Крыльцо общага\K07156189_22_20260608T135021Z.jpg
A18: вт | B18: 46182 | C18: 0.82216435 | D18: без событий | E18: Территория | I18: K07156189_22_20260609T194355Z.jpg | J18: C:\ВИДЕОНАБЛЮДЕНИЕ\5 Крыльцо общага\ | K18: 5 Крыльцо общага\K07156189_22_20260609T194355Z.jpg | L18: вт 09.06.2026 — 19:43:55 | M18: =HYPERLINK(склад2въезд1319[[#This Row],[RelativePath]]) -> 5 Крыльцо общага\K07156189_22_20260609T194355Z.jpg
A19: ср | B19: 46183 | C19: 0.42762731 | D19: Фиксация в кадре | E19: Территория, сотрудники | I19: K07156189_22_20260610T101547Z.jpg | J19: C:\ВИДЕОНАБЛЮДЕНИЕ\5 Крыльцо общага\ | K19: 5 Крыльцо общага\K07156189_22_20260610T101547Z.jpg | L19: ср 10.06.2026 — 10:15:47 | M19: =HYPERLINK(склад2въезд1319[[#This Row],[RelativePath]]) -> 5 Крыльцо общага\K07156189_22_20260610T101547Z.jpg
A20: чт | B20: 46184 | C20: 0.48017361 | D20: Перемещение бревен | E20: Трактор базы | I20: K07156189_22_20260611T113127Z.jpg | J20: C:\ВИДЕОНАБЛЮДЕНИЕ\5 Крыльцо общага\ | K20: 5 Крыльцо общага\K07156189_22_20260611T113127Z.jpg | L20: чт 11.06.2026 — 11:31:27 | M20: =HYPERLINK(склад2въезд1319[[#This Row],[RelativePath]]) -> 5 Крыльцо общага\K07156189_22_20260611T113127Z.jpg
A21: пт | B21: 46185 | C21: 0.94469907 | D21: без событий | E21: Территория | I21: K07156189_22_20260612T224022Z.jpg | J21: C:\ВИДЕОНАБЛЮДЕНИЕ\5 Крыльцо общага\ | K21: 5 Крыльцо общага\K07156189_22_20260612T224022Z.jpg | L21: пт 12.06.2026 — 22:40:22 | M21: =HYPERLINK(склад2въезд1319[[#This Row],[RelativePath]]) -> 5 Крыльцо общага\K07156189_22_20260612T224022Z.jpg
A22: сб | B22: 46186 | C22: 0.74353009 | D22: без событий | E22: Территория | I22: K07156189_22_20260613T175041Z.jpg | J22: C:\ВИДЕОНАБЛЮДЕНИЕ\5 Крыльцо общага\ | K22: 5 Крыльцо общага\K07156189_22_20260613T175041Z.jpg | L22: сб 13.06.2026 — 17:50:41 | M22: =HYPERLINK(склад2въезд1319[[#This Row],[RelativePath]]) -> 5 Крыльцо общага\K07156189_22_20260613T175041Z.jpg
A23: вс | B23: 46187 | C23: 0.83797454 | D23: без событий | E23: Территория | I23: K07156189_22_20260614T200641Z.jpg | J23: C:\ВИДЕОНАБЛЮДЕНИЕ\5 Крыльцо общага\ | K23: 5 Крыльцо общага\K07156189_22_20260614T200641Z.jpg | L23: вс 14.06.2026 — 20:06:41 | M23: =HYPERLINK(склад2въезд1319[[#This Row],[RelativePath]]) -> 5 Крыльцо общага\K07156189_22_20260614T200641Z.jpg
A24: пн | B24: 46188 | C24: 0.45033565 | D24: Фиксация в кадре | E24: Территория, сотрудники | I24: K07156189_22_20260615T104829Z.jpg | J24: C:\ВИДЕОНАБЛЮДЕНИЕ\5 Крыльцо общага\ | K24: 5 Крыльцо общага\K07156189_22_20260615T104829Z.jpg | L24: пн 15.06.2026 — 10:48:29 | M24: =HYPERLINK(склад2въезд1319[[#This Row],[RelativePath]]) -> 5 Крыльцо общага\K07156189_22_20260615T104829Z.jpg
A25: вт | B25: 46189 | C25: 0.53834491 | D25: без событий | E25: Территория | I25: K07156189_22_20260616T125513Z.jpg | J25: C:\ВИДЕОНАБЛЮДЕНИЕ\5 Крыльцо общага\ | K25: 5 Крыльцо общага\K07156189_22_20260616T125513Z.jpg | L25: вт 16.06.2026 — 12:55:13 | M25: =HYPERLINK(склад2въезд1319[[#This Row],[RelativePath]]) -> 5 Крыльцо общага\K07156189_22_20260616T125513Z.jpg
A26: ср | B26: 46190 | C26: 0.79155093 | D26: Проезд | E26: Рено логан серый, с прицепом | F26: доски | I26: K07156189_22_20260617T185950Z.jpg | J26: C:\ВИДЕОНАБЛЮДЕНИЕ\5 Крыльцо общага\ | K26: 5 Крыльцо общага\K07156189_22_20260617T185950Z.jpg | L26: ср 17.06.2026 — 18:59:50 | M26: =HYPERLINK(склад2въезд1319[[#This Row],[RelativePath]]) -> 5 Крыльцо общага\K07156189_22_20260617T185950Z.jpg
A27: чт | B27: 46191 | C27: 0.91240741 | D27: без событий | E27: Территория | I27: K07156189_22_20260618T215352Z.jpg | J27: C:\ВИДЕОНАБЛЮДЕНИЕ\5 Крыльцо общага\ | K27: 5 Крыльцо общага\K07156189_22_20260618T215352Z.jpg | L27: чт 18.06.2026 — 21:53:52 | M27: =HYPERLINK(склад2въезд1319[[#This Row],[RelativePath]]) -> 5 Крыльцо общага\K07156189_22_20260618T215352Z.jpg
A28: пт | B28: 46192 | C28: 0.44990741 | D28: без событий | E28: Территория | I28: K07156189_22_20260619T104752Z.jpg | J28: C:\ВИДЕОНАБЛЮДЕНИЕ\5 Крыльцо общага\ | K28: 5 Крыльцо общага\K07156189_22_20260619T104752Z.jpg | L28: пт 19.06.2026 — 10:47:52 | M28: =HYPERLINK(склад2въезд1319[[#This Row],[RelativePath]]) -> 5 Крыльцо общага\K07156189_22_20260619T104752Z.jpg
A29: сб | B29: 46193 | C29: 0.94733796 | D29: без событий | E29: Территория | I29: K07156189_22_20260620T224410Z.jpg | J29: C:\ВИДЕОНАБЛЮДЕНИЕ\5 Крыльцо общага\ | K29: 5 Крыльцо общага\K07156189_22_20260620T224410Z.jpg | L29: сб 20.06.2026 — 22:44:10 | M29: =HYPERLINK(склад2въезд1319[[#This Row],[RelativePath]]) -> 5 Крыльцо общага\K07156189_22_20260620T224410Z.jpg
A30: вс | B30: 46194 | C30: 0.3949537 | D30: без событий | E30: Территория | I30: K07156189_22_20260621T092844Z.jpg | J30: C:\ВИДЕОНАБЛЮДЕНИЕ\5 Крыльцо общага\ | K30: 5 Крыльцо общага\K07156189_22_20260621T092844Z.jpg | L30: вс 21.06.2026 — 09:28:44 | M30: =HYPERLINK(склад2въезд1319[[#This Row],[RelativePath]]) -> 5 Крыльцо общага\K07156189_22_20260621T092844Z.jpg
A31: пн | B31: 46195 | C31: 0.65309028 | D31: без событий | E31: Территория | I31: K07156189_22_20260622T154027Z.jpg | J31: C:\ВИДЕОНАБЛЮДЕНИЕ\5 Крыльцо общага\ | K31: 5 Крыльцо общага\K07156189_22_20260622T154027Z.jpg | L31: пн 22.06.2026 — 15:40:27 | M31: =HYPERLINK(склад2въезд1319[[#This Row],[RelativePath]]) -> 5 Крыльцо общага\K07156189_22_20260622T154027Z.jpg
A32: вт | B32: 46196 | C32: 0.44123843 | D32: Фиксация в кадре | E32: Территория, сотрудник | I32: K07156189_22_20260623T103523Z.jpg | J32: C:\ВИДЕОНАБЛЮДЕНИЕ\5 Крыльцо общага\ | K32: 5 Крыльцо общага\K07156189_22_20260623T103523Z.jpg | L32: вт 23.06.2026 — 10:35:23 | M32: =HYPERLINK(склад2въезд1319[[#This Row],[RelativePath]]) -> 5 Крыльцо общага\K07156189_22_20260623T103523Z.jpg
A33: ср | B33: 46197 | C33: 0.79601852 | D33: без событий | E33: Территория | I33: K07156189_22_20260624T190616Z.jpg | J33: C:\ВИДЕОНАБЛЮДЕНИЕ\5 Крыльцо общага\ | K33: 5 Крыльцо общага\K07156189_22_20260624T190616Z.jpg | L33: ср 24.06.2026 — 19:06:16 | M33: =HYPERLINK(склад2въезд1319[[#This Row],[RelativePath]]) -> 5 Крыльцо общага\K07156189_22_20260624T190616Z.jpg
A34: чт | B34: 46198 | C34: 0.88128472 | D34: без событий | E34: Территория | I34: K07156189_22_20260625T210903Z.jpg | J34: C:\ВИДЕОНАБЛЮДЕНИЕ\5 Крыльцо общага\ | K34: 5 Крыльцо общага\K07156189_22_20260625T210903Z.jpg | L34: чт 25.06.2026 — 21:09:03 | M34: =HYPERLINK(склад2въезд1319[[#This Row],[RelativePath]]) -> 5 Крыльцо общага\K07156189_22_20260625T210903Z.jpg
A35: пт | B35: 46199 | C35: 0.48201389 | D35: Фиксация в кадре | E35: Клиенты | I35: K07156189_22_20260626T113406Z.jpg | J35: C:\ВИДЕОНАБЛЮДЕНИЕ\5 Крыльцо общага\ | K35: 5 Крыльцо общага\K07156189_22_20260626T113406Z.jpg | L35: пт 26.06.2026 — 11:34:06 | M35: =HYPERLINK(склад2въезд1319[[#This Row],[RelativePath]]) -> 5 Крыльцо общага\K07156189_22_20260626T113406Z.jpg
A36: пт | B36: 46199 | C36: 0.65306713 | D36: Фиксация в кадре | E36: Сотрудники | I36: K07156189_22_20260626T154025Z.jpg | J36: C:\ВИДЕОНАБЛЮДЕНИЕ\5 Крыльцо общага\ | K36: 5 Крыльцо общага\K07156189_22_20260626T154025Z.jpg | L36: пт 26.06.2026 — 15:40:25 | M36: =HYPERLINK(склад2въезд1319[[#This Row],[RelativePath]]) -> 5 Крыльцо общага\K07156189_22_20260626T154025Z.jpg
A37: сб | B37: 46200 | C37: 0.87872685 | D37: без событий | E37: Территория | I37: K07156189_22_20260627T210522Z.jpg | J37: C:\ВИДЕОНАБЛЮДЕНИЕ\5 Крыльцо общага\ | K37: 5 Крыльцо общага\K07156189_22_20260627T210522Z.jpg | L37: сб 27.06.2026 — 21:05:22 | M37: =HYPERLINK(склад2въезд1319[[#This Row],[RelativePath]]) -> 5 Крыльцо общага\K07156189_22_20260627T210522Z.jpg
A38: вс | B38: 46201 | C38: 0.82719907 | D38: без событий | E38: Территория | I38: K07156189_22_20260628T195110Z.jpg | J38: C:\ВИДЕОНАБЛЮДЕНИЕ\5 Крыльцо общага\ | K38: 5 Крыльцо общага\K07156189_22_20260628T195110Z.jpg | L38: вс 28.06.2026 — 19:51:10 | M38: =HYPERLINK(склад2въезд1319[[#This Row],[RelativePath]]) -> 5 Крыльцо общага\K07156189_22_20260628T195110Z.jpg
... A42: чт | B42: 46205 | C42: 0.71783565 | D42: без событий | E42: Территория | I42: K07156189_22_20260702T171341Z.jpg | J42: C:\ВИДЕОНАБЛЮДЕНИЕ\5 Крыльцо общага\ | K42: 5 Крыльцо общага\K07156189_22_20260702T171341Z.jpg | L42: чт 02.07.2026 — 17:13:41 | M42: =HYPERLINK(склад2въезд1319[[#This Row],[RelativePath]]) -> 5 Крыльцо общага\K07156189_22_20260702T171341Z.jpg
A43: пт | B43: 46206 | C43: 0.52289352 | D43: Проезд | E43: Камаз базы | F43: порожний | I43: K07156189_22_20260703T123258Z.jpg | J43: C:\ВИДЕОНАБЛЮДЕНИЕ\5 Крыльцо общага\ | K43: 5 Крыльцо общага\K07156189_22_20260703T123258Z.jpg | L43: пт 03.07.2026 — 12:32:58 | M43: =HYPERLINK(склад2въезд1319[[#This Row],[RelativePath]]) -> 5 Крыльцо общага\K07156189_22_20260703T123258Z.jpg
A44: сб | B44: 46207 | C44: 0.69040509 | D44: без событий | E44: Территория | I44: K07156189_22_20260704T163411Z.jpg | J44: C:\ВИДЕОНАБЛЮДЕНИЕ\5 Крыльцо общага\ | K44: 5 Крыльцо общага\K07156189_22_20260704T163411Z.jpg | L44: сб 04.07.2026 — 16:34:11 | M44: =HYPERLINK(склад2въезд1319[[#This Row],[RelativePath]]) -> 5 Крыльцо общага\K07156189_22_20260704T163411Z.jpg
A45: вс | B45: 46208 | C45: 0.6653125 | D45: без событий | E45: Территория | I45: K07156189_22_20260705T155803Z.jpg | J45: C:\ВИДЕОНАБЛЮДЕНИЕ\5 Крыльцо общага\ | K45: 5 Крыльцо общага\K07156189_22_20260705T155803Z.jpg | L45: вс 05.07.2026 — 15:58:03 | M45: =HYPERLINK(склад2въезд1319[[#This Row],[RelativePath]]) -> 5 Крыльцо общага\K07156189_22_20260705T155803Z.jpg
A46: пн | B46: 46209 | C46: 0.38225694 | D46: Фиксация в кадре | E46: Автотранспорт | I46: K07156189_22_20260706T091027Z.jpg | J46: C:\ВИДЕОНАБЛЮДЕНИЕ\5 Крыльцо общага\ | K46: 5 Крыльцо общага\K07156189_22_20260706T091027Z.jpg | L46: пн 06.07.2026 — 09:10:27 | M46: =HYPERLINK(склад2въезд1319[[#This Row],[RelativePath]]) -> 5 Крыльцо общага\K07156189_22_20260706T091027Z.jpg
A47: пн | B47: 46209 | C47: 0.42082176 | D47: Фиксация в кадре | E47: Автотранспорт | I47: K07156189_22_20260706T100559Z.jpg | J47: C:\ВИДЕОНАБЛЮДЕНИЕ\5 Крыльцо общага\ | K47: 5 Крыльцо общага\K07156189_22_20260706T100559Z.jpg | L47: пн 06.07.2026 — 10:05:59 | M47: =HYPERLINK(склад2въезд1319[[#This Row],[RelativePath]]) -> 5 Крыльцо общага\K07156189_22_20260706T100559Z.jpg
A48: вт | B48: 46210 | C48: 0.45615741 | D48: Фиксация в кадре | E48: Территория | I48: K07156189_22_20260707T105652Z.jpg | J48: C:\ВИДЕОНАБЛЮДЕНИЕ\5 Крыльцо общага\ | K48: 5 Крыльцо общага\K07156189_22_20260707T105652Z.jpg | L48: вт 07.07.2026 — 10:56:52 | M48: =HYPERLINK(склад2въезд1319[[#This Row],[RelativePath]]) -> 5 Крыльцо общага\K07156189_22_20260707T105652Z.jpg
A49: ср | B49: 46211 | C49: 0.97050926 | D49: Нет дневных записей | E49: Территория | I49: K07156189_22_20260708T231732Z.jpg | J49: C:\ВИДЕОНАБЛЮДЕНИЕ\5 Крыльцо общага\ | K49: 5 Крыльцо общага\K07156189_22_20260708T231732Z.jpg | L49: ср 08.07.2026 — 23:17:32 | M49: =HYPERLINK(склад2въезд1319[[#This Row],[RelativePath]]) -> 5 Крыльцо общага\K07156189_22_20260708T231732Z.jpg
A50: чт | B50: 46212 | C50: 0.65798611 | D50: Стоянка | E50: Grand Vitara, с прицепом | F50: станки | I50: K07156189_22_20260709T154730Z.jpg | J50: C:\ВИДЕОНАБЛЮДЕНИЕ\5 Крыльцо общага\ | K50: 5 Крыльцо общага\K07156189_22_20260709T154730Z.jpg | L50: чт 09.07.2026 — 15:47:30 | M50: =HYPERLINK(склад2въезд1319[[#This Row],[RelativePath]]) -> 5 Крыльцо общага\K07156189_22_20260709T154730Z.jpg
A51: чт | B51: 46212 | C51: 0.658125 | D51: Загрузка | E51: Grand Vitara, с прицепом | F51: мешок с чем-то | I51: K07156189_22_20260709T154742Z.jpg | J51: C:\ВИДЕОНАБЛЮДЕНИЕ\5 Крыльцо общага\ | K51: 5 Крыльцо общага\K07156189_22_20260709T154742Z.jpg | L51: чт 09.07.2026 — 15:47:42 | M51: =HYPERLINK(склад2въезд1319[[#This Row],[RelativePath]]) -> 5 Крыльцо общага\K07156189_22_20260709T154742Z.jpg
A52: чт | B52: 46212 | C52: 0.65869213 | D52: Загрузка | E52: Grand Vitara, с прицепом | F52: мешок с чем-то, сумка | I52: K07156189_22_20260709T154831Z.jpg | J52: C:\ВИДЕОНАБЛЮДЕНИЕ\5 Крыльцо общага\ | K52: 5 Крыльцо общага\K07156189_22_20260709T154831Z.jpg | L52: чт 09.07.2026 — 15:48:31 | M52: =HYPERLINK(склад2въезд1319[[#This Row],[RelativePath]]) -> 5 Крыльцо общага\K07156189_22_20260709T154831Z.jpg
A53: чт | B53: 46212 | C53: 0.65907407 | D53: Загрузка | E53: Grand Vitara, с прицепом | F53: кульки | I53: K07156189_22_20260709T154904Z.jpg | J53: C:\ВИДЕОНАБЛЮДЕНИЕ\5 Крыльцо общага\ | K53: 5 Крыльцо общага\K07156189_22_20260709T154904Z.jpg | L53: чт 09.07.2026 — 15:49:04 | M53: =HYPERLINK(склад2въезд1319[[#This Row],[RelativePath]]) -> 5 Крыльцо общага\K07156189_22_20260709T154904Z.jpg
A54: чт | B54: 46212 | C54: 0.65940972 | D54: Загрузка | E54: Grand Vitara, с прицепом | F54: кульки | I54: K07156189_22_20260709T154933Z.jpg | J54: C:\ВИДЕОНАБЛЮДЕНИЕ\5 Крыльцо общага\ | K54: 5 Крыльцо общага\K07156189_22_20260709T154933Z.jpg | L54: чт 09.07.2026 — 15:49:33 | M54: =HYPERLINK(склад2въезд1319[[#This Row],[RelativePath]]) -> 5 Крыльцо общага\K07156189_22_20260709T154933Z.jpg
A55: чт | B55: 46212 | C55: 0.65984954 | D55: Загрузка | E55: Grand Vitara, с прицепом | F55: кульки, сумка | I55: K07156189_22_20260709T155011Z.jpg | J55: C:\ВИДЕОНАБЛЮДЕНИЕ\5 Крыльцо общага\ | K55: 5 Крыльцо общага\K07156189_22_20260709T155011Z.jpg | L55: чт 09.07.2026 — 15:50:11 | M55: =HYPERLINK(склад2въезд1319[[#This Row],[RelativePath]]) -> 5 Крыльцо общага\K07156189_22_20260709T155011Z.jpg
A56: пт | B56: 46213 | C56: 0.35688657 | D56: Фиксация в кадре | E56: Территория | I56: K07156189_22_20260710T083355Z.jpg | J56: C:\ВИДЕОНАБЛЮДЕНИЕ\5 Крыльцо общага\ | K56: 5 Крыльцо общага\K07156189_22_20260710T083355Z.jpg | L56: пт 10.07.2026 — 08:33:55 | M56: =HYPERLINK(склад2въезд1319[[#This Row],[RelativePath]]) -> 5 Крыльцо общага\K07156189_22_20260710T083355Z.jpg
A57: сб | B57: 46214 | C57: 0.82197917 | D57: без событий | E57: Территория | I57: K07156189_22_20260711T194339Z.jpg | J57: C:\ВИДЕОНАБЛЮДЕНИЕ\5 Крыльцо общага\ | K57: 5 Крыльцо общага\K07156189_22_20260711T194339Z.jpg | L57: сб 11.07.2026 — 19:43:39 | M57: =HYPERLINK(склад2въезд1319[[#This Row],[RelativePath]]) -> 5 Крыльцо общага\K07156189_22_20260711T194339Z.jpg
A58: вс | B58: 46215 | C58: 0.82038194 | D58: без событий | E58: Территория | I58: K07156189_22_20260712T194121Z.jpg | J58: C:\ВИДЕОНАБЛЮДЕНИЕ\5 Крыльцо общага\ | K58: 5 Крыльцо общага\K07156189_22_20260712T194121Z.jpg | L58: вс 12.07.2026 — 19:41:21 | M58: =HYPERLINK(склад2въезд1319[[#This Row],[RelativePath]]) -> 5 Крыльцо общага\K07156189_22_20260712T194121Z.jpg
A59: пн | B59: 46216 | C59: 0.511875 | D59: без событий | E59: Территория | I59: K07156189_22_20260713T121706Z.jpg | J59: C:\ВИДЕОНАБЛЮДЕНИЕ\5 Крыльцо общага\ | K59: 5 Крыльцо общага\K07156189_22_20260713T121706Z.jpg | L59: пн 13.07.2026 — 12:17:06 | M59: =HYPERLINK(склад2въезд1319[[#This Row],[RelativePath]]) -> 5 Крыльцо общага\K07156189_22_20260713T121706Z.jpg
A60: вт | B60: 46217 | C60: 0.64780093 | D60: без событий | E60: Территория | I60: K07156189_22_20260714T153250Z.jpg | J60: C:\ВИДЕОНАБЛЮДЕНИЕ\5 Крыльцо общага\ | K60: 5 Крыльцо общага\K07156189_22_20260714T153250Z.jpg | L60: вт 14.07.2026 — 15:32:50 | M60: =HYPERLINK(склад2въезд1319[[#This Row],[RelativePath]]) -> 5 Крыльцо общага\K07156189_22_20260714T153250Z.jpg
A61: ср | B61: 46218 | C61: 0.81549769 | D61: без событий | E61: Территория | I61: K07156189_22_20260715T193419Z.jpg | J61: C:\ВИДЕОНАБЛЮДЕНИЕ\5 Крыльцо общага\ | K61: 5 Крыльцо общага\K07156189_22_20260715T193419Z.jpg | L61: ср 15.07.2026 — 19:34:19 | M61: =HYPERLINK(склад2въезд1319[[#This Row],[RelativePath]]) -> 5 Крыльцо общага\K07156189_22_20260715T193419Z.jpg
A62: чт | B62: 46219 | C62: 0.45297454 | D62: Фиксация в кадре | E62: Сотрудник с канистрами | I62: K07156189_22_20260716T105217Z.jpg | J62: C:\ВИДЕОНАБЛЮДЕНИЕ\5 Крыльцо общага\ | K62: 5 Крыльцо общага\K07156189_22_20260716T105217Z.jpg | L62: чт 16.07.2026 — 10:52:17 | M62: =HYPERLINK(склад2въезд1319[[#This Row],[RelativePath]]) -> 5 Крыльцо общага\K07156189_22_20260716T105217Z.jpg
A63: чт | B63: 46219 | C63: 0.77075231 | D63: без событий | E63: Территория | I63: K07156189_22_20260716T182953Z.jpg | J63: C:\ВИДЕОНАБЛЮДЕНИЕ\5 Крыльцо общага\ | K63: 5 Крыльцо общага\K07156189_22_20260716T182953Z.jpg | L63: чт 16.07.2026 — 18:29:53 | M63: =HYPERLINK(склад2въезд1319[[#This Row],[RelativePath]]) -> 5 Крыльцо общага\K07156189_22_20260716T182953Z.jpg
A64: пт | B64: 46220 | C64: 0.47591435 | D64: Фиксация в кадре | E64: Сотрудники | I64: K07156189_22_20260717T112519Z.jpg | J64: C:\ВИДЕОНАБЛЮДЕНИЕ\5 Крыльцо общага\ | K64: 5 Крыльцо общага\K07156189_22_20260717T112519Z.jpg | L64: пт 17.07.2026 — 11:25:19 | M64: =HYPERLINK(склад2въезд1319[[#This Row],[RelativePath]]) -> 5 Крыльцо общага\K07156189_22_20260717T112519Z.jpg
A65: пт | B65: 46220 | C65: 0.60528935 | D65: Фиксация в кадре | E65: Сотрудники | I65: K07156189_22_20260717T143137Z.jpg | J65: C:\ВИДЕОНАБЛЮДЕНИЕ\5 Крыльцо общага\ | K65: 5 Крыльцо общага\K07156189_22_20260717T143137Z.jpg | L65: пт 17.07.2026 — 14:31:37 | M65: =HYPERLINK(склад2въезд1319[[#This Row],[RelativePath]]) -> 5 Крыльцо общага\K07156189_22_20260717T143137Z.jpg
A66: пт | B66: 46220 | C66: 0.70549769 | D66: Фиксация в кадре | E66: Сотрудник с канистрой | I66: K07156189_22_20260717T165555Z.jpg | J66: C:\ВИДЕОНАБЛЮДЕНИЕ\5 Крыльцо общага\ | K66: 5 Крыльцо общага\K07156189_22_20260717T165555Z.jpg | L66: пт 17.07.2026 — 16:55:55 | M66: =HYPERLINK(склад2въезд1319[[#This Row],[RelativePath]]) -> 5 Крыльцо общага\K07156189_22_20260717T165555Z.jpg
A67: сб | B67: 46221 | C67: 0.77179398 | D67: без событий | E67: Территория | I67: K07156189_22_20260718T183123Z.jpg | J67: C:\ВИДЕОНАБЛЮДЕНИЕ\5 Крыльцо общага\ | K67: 5 Крыльцо общага\K07156189_22_20260718T183123Z.jpg | L67: сб 18.07.2026 — 18:31:23 | M67: =HYPERLINK(склад2въезд1319[[#This Row],[RelativePath]]) -> 5 Крыльцо общага\K07156189_22_20260718T183123Z.jpg
... A172: вс | B172: 46313 | C172: 0.79021991 | D172: без событий | E172: Территория | I172: K07156189_22_20261018T185755Z.jpg | J172: C:\ВИДЕОНАБЛЮДЕНИЕ\5 Крыльцо общага\ | K172: 5 Крыльцо общага\K07156189_22_20261018T185755Z.jpg | L172: вс 18.10.2026 — 18:57:55 | M172: =HYPERLINK(склад2въезд1319[[#This Row],[RelativePath]]) -> 5 Крыльцо общага\K07156189_22_20261018T185755Z.jpg
A173: пн | B173: 46314 | C173: 0.52707176 | D173: Фиксация в кадре загрузки | E173: Камаз базы | F173: пиломатериалы | I173: K07156189_22_20261019T123859Z.jpg | J173: C:\ВИДЕОНАБЛЮДЕНИЕ\5 Крыльцо общага\ | K173: 5 Крыльцо общага\K07156189_22_20261019T123859Z.jpg | L173: пн 19.10.2026 — 12:38:59 | M173: =HYPERLINK(склад2въезд1319[[#This Row],[RelativePath]]) -> 5 Крыльцо общага\K07156189_22_20261019T123859Z.jpg
A174: пн | B174: 46314 | C174: 0.52865741 | D174: Фиксация в кадре загрузки | E174: Камаз базы | F174: пиломатериалы | I174: K07156189_22_20261019T124116Z.jpg | J174: C:\ВИДЕОНАБЛЮДЕНИЕ\5 Крыльцо общага\ | K174: 5 Крыльцо общага\K07156189_22_20261019T124116Z.jpg | L174: пн 19.10.2026 — 12:41:16 | M174: =HYPERLINK(склад2въезд1319[[#This Row],[RelativePath]]) -> 5 Крыльцо общага\K07156189_22_20261019T124116Z.jpg
A175: пн | B175: 46314 | C175: 0.52996528 | D175: Фиксация в кадре загрузки | E175: Камаз базы | F175: пиломатериалы | I175: K07156189_22_20261019T124309Z.jpg | J175: C:\ВИДЕОНАБЛЮДЕНИЕ\5 Крыльцо общага\ | K175: 5 Крыльцо общага\K07156189_22_20261019T124309Z.jpg | L175: пн 19.10.2026 — 12:43:09 | M175: =HYPERLINK(склад2въезд1319[[#This Row],[RelativePath]]) -> 5 Крыльцо общага\K07156189_22_20261019T124309Z.jpg
A176: вт | B176: 46315 | C176: 0.50592593 | D176: Фиксация в кадре | E176: Территория | I176: K07156189_22_20261020T120832Z.jpg | J176: C:\ВИДЕОНАБЛЮДЕНИЕ\5 Крыльцо общага\ | K176: 5 Крыльцо общага\K07156189_22_20261020T120832Z.jpg | L176: вт 20.10.2026 — 12:08:32 | M176: =HYPERLINK(склад2въезд1319[[#This Row],[RelativePath]]) -> 5 Крыльцо общага\K07156189_22_20261020T120832Z.jpg
A177: ср | B177: 46316 | C177: 0.54574074 | D177: Фиксация в кадре | E177: Территория | I177: K07156189_22_20261021T130552Z.jpg | J177: C:\ВИДЕОНАБЛЮДЕНИЕ\5 Крыльцо общага\ | K177: 5 Крыльцо общага\K07156189_22_20261021T130552Z.jpg | L177: ср 21.10.2026 — 13:05:52 | M177: =HYPERLINK(склад2въезд1319[[#This Row],[RelativePath]]) -> 5 Крыльцо общага\K07156189_22_20261021T130552Z.jpg
A178: чт | B178: 46317 | C178: 0.71395833 | D178: Фиксация в кадре | E178: Территория | I178: K07156189_22_20261022T170806Z.jpg | J178: C:\ВИДЕОНАБЛЮДЕНИЕ\5 Крыльцо общага\ | K178: 5 Крыльцо общага\K07156189_22_20261022T170806Z.jpg | L178: чт 22.10.2026 — 17:08:06 | M178: =HYPERLINK(склад2въезд1319[[#This Row],[RelativePath]]) -> 5 Крыльцо общага\K07156189_22_20261022T170806Z.jpg
A179: пт | B179: 46318 | C179: 0.50760417 | D179: Фиксация в кадре | E179: Территория | I179: K07156189_22_20261023T121057Z.jpg | J179: C:\ВИДЕОНАБЛЮДЕНИЕ\5 Крыльцо общага\ | K179: 5 Крыльцо общага\K07156189_22_20261023T121057Z.jpg | L179: пт 23.10.2026 — 12:10:57 | M179: =HYPERLINK(склад2въезд1319[[#This Row],[RelativePath]]) -> 5 Крыльцо общага\K07156189_22_20261023T121057Z.jpg
A180: пт | B180: 46318 | C180: 0.50793981 | D180: Убытие | E180: Lada Granta темная | F180: груз на крыше | I180: K07156189_22_20261023T121126Z.jpg | J180: C:\ВИДЕОНАБЛЮДЕНИЕ\5 Крыльцо общага\ | K180: 5 Крыльцо общага\K07156189_22_20261023T121126Z.jpg | L180: пт 23.10.2026 — 12:11:26 | M180: =HYPERLINK(склад2въезд1319[[#This Row],[RelativePath]]) -> 5 Крыльцо общага\K07156189_22_20261023T121126Z.jpg
A181: сб | B181: 46319 | C181: 0.6875463 | D181: Фиксация в кадре | E181: Территория | I181: K07156189_22_20261024T163004Z.jpg | J181: C:\ВИДЕОНАБЛЮДЕНИЕ\5 Крыльцо общага\ | K181: 5 Крыльцо общага\K07156189_22_20261024T163004Z.jpg | L181: сб 24.10.2026 — 16:30:04 | M181: =HYPERLINK(склад2въезд1319[[#This Row],[RelativePath]]) -> 5 Крыльцо общага\K07156189_22_20261024T163004Z.jpg
A182: вс | B182: 46320 | C182: 0.70642361 | D182: Фиксация в кадре | E182: Территория | I182: K07156189_22_20261025T165715Z.jpg | J182: C:\ВИДЕОНАБЛЮДЕНИЕ\5 Крыльцо общага\ | K182: 5 Крыльцо общага\K07156189_22_20261025T165715Z.jpg | L182: вс 25.10.2026 — 16:57:15 | M182: =HYPERLINK(склад2въезд1319[[#This Row],[RelativePath]]) -> 5 Крыльцо общага\K07156189_22_20261025T165715Z.jpg

Sheet 6 На контейнеры
A1: День нед | B1: Дата | C1: Время | D1: Событие | E1: Объект | F1: Груз | G1: Кол-во | H1: Примечание | I1: Name | J1: Folder Path | K1: RelativePath | L1: Подпись | M1: Ссылка на фото
A2: чт | B2: 46170 | C2: 0.77083333 | D2: без событий | E2: Территория | I2: 826398429_1_20260528T183000Z.jpg | J2: C:\ВИДЕОНАБЛЮДЕНИЕ\6 На контейнеры\ | K2: 6 Площадка 1 общага\826398429_1_20260528T183000Z.jpg | L2: чт 28.05.2026 — 18:30:00 | M2: =HYPERLINK(склад2въезд131920[[#This Row],[RelativePath]]) -> 6 Площадка 1 общага\826398429_1_20260528T183000Z.jpg
A3: пт | B3: 46171 | C3: 0.83195602 | D3: без событий | E3: Территория | I3: 826398429_1_20260529T195801Z.jpg | J3: C:\ВИДЕОНАБЛЮДЕНИЕ\6 На контейнеры\ | K3: 6 Площадка 1 общага\826398429_1_20260529T195801Z.jpg | L3: пт 29.05.2026 — 19:58:01 | M3: =HYPERLINK(склад2въезд131920[[#This Row],[RelativePath]]) -> 6 Площадка 1 общага\826398429_1_20260529T195801Z.jpg
A4: сб | B4: 46172 | C4: 0.78138889 | D4: без событий | E4: Территория | I4: 826398429_1_20260530T184512Z.jpg | J4: C:\ВИДЕОНАБЛЮДЕНИЕ\6 На контейнеры\ | K4: 6 Площадка 1 общага\826398429_1_20260530T184512Z.jpg | L4: сб 30.05.2026 — 18:45:12 | M4: =HYPERLINK(склад2въезд131920[[#This Row],[RelativePath]]) -> 6 Площадка 1 общага\826398429_1_20260530T184512Z.jpg
A5: вс | B5: 46173 | C5: 0.73978009 | D5: без событий | E5: Территория | I5: 826398429_1_20260531T174517Z.jpg | J5: C:\ВИДЕОНАБЛЮДЕНИЕ\6 На контейнеры\ | K5: 6 Площадка 1 общага\826398429_1_20260531T174517Z.jpg | L5: вс 31.05.2026 — 17:45:17 | M5: =HYPERLINK(склад2въезд131920[[#This Row],[RelativePath]]) -> 6 Площадка 1 общага\826398429_1_20260531T174517Z.jpg
A6: пн | B6: 46174 | C6: 0.82215278 | D6: без событий | E6: Территория | I6: 826398429_1_20260601T194354Z.jpg | J6: C:\ВИДЕОНАБЛЮДЕНИЕ\6 На контейнеры\ | K6: 6 Площадка 1 общага\826398429_1_20260601T194354Z.jpg | L6: пн 01.06.2026 — 19:43:54 | M6: =HYPERLINK(склад2въезд131920[[#This Row],[RelativePath]]) -> 6 Площадка 1 общага\826398429_1_20260601T194354Z.jpg
A7: вт | B7: 46175 | C7: 0.46479167 | D7: без событий | E7: Территория | I7: 826398429_1_20260602T110918Z.jpg | J7: C:\ВИДЕОНАБЛЮДЕНИЕ\6 На контейнеры\ | K7: 6 Площадка 1 общага\826398429_1_20260602T110918Z.jpg | L7: вт 02.06.2026 — 11:09:18 | M7: =HYPERLINK(склад2въезд131920[[#This Row],[RelativePath]]) -> 6 Площадка 1 общага\826398429_1_20260602T110918Z.jpg
A8: ср | B8: 46176 | C8: 0.80709491 | D8: Загрузка | E8: Легковая серая, с прицепом | F8: дрова | I8: 826398429_1_20260603T192213Z.jpg | J8: C:\ВИДЕОНАБЛЮДЕНИЕ\6 На контейнеры\ | K8: 6 Площадка 1 общага\826398429_1_20260603T192213Z.jpg | L8: ср 03.06.2026 — 19:22:13 | M8: =HYPERLINK(склад2въезд131920[[#This Row],[RelativePath]]) -> 6 Площадка 1 общага\826398429_1_20260603T192213Z.jpg
A9: ср | B9: 46176 | C9: 0.80748843 | D9: Загрузка | E9: Легковая серая, с прицепом | F9: дрова | H9: динамика | I9: 826398429_1_20260603T192247Z.jpg | J9: C:\ВИДЕОНАБЛЮДЕНИЕ\6 На контейнеры\ | K9: 6 Площадка 1 общага\826398429_1_20260603T192247Z.jpg | L9: ср 03.06.2026 — 19:22:47 | M9: =HYPERLINK(склад2въезд131920[[#This Row],[RelativePath]]) -> 6 Площадка 1 общага\826398429_1_20260603T192247Z.jpg
A10: ср | B10: 46176 | C10: 0.80834491 | D10: Загрузка | E10: Легковая серая, с прицепом | F10: дрова | H10: динамика | I10: 826398429_1_20260603T192401Z.jpg | J10: C:\ВИДЕОНАБЛЮДЕНИЕ\6 На контейнеры\ | K10: 6 Площадка 1 общага\826398429_1_20260603T192401Z.jpg | L10: ср 03.06.2026 — 19:24:01 | M10: =HYPERLINK(склад2въезд131920[[#This Row],[RelativePath]]) -> 6 Площадка 1 общага\826398429_1_20260603T192401Z.jpg
A11: ср | B11: 46176 | C11: 0.81173611 | D11: Загрузка | E11: Легковая серая, с прицепом | F11: дрова | H11: динамика | I11: 826398429_1_20260603T192854Z.jpg | J11: C:\ВИДЕОНАБЛЮДЕНИЕ\6 На контейнеры\ | K11: 6 Площадка 1 общага\826398429_1_20260603T192854Z.jpg | L11: ср 03.06.2026 — 19:28:54 | M11: =HYPERLINK(склад2въезд131920[[#This Row],[RelativePath]]) -> 6 Площадка 1 общага\826398429_1_20260603T192854Z.jpg
A12: ср | B12: 46176 | C12: 0.82644676 | D12: Убытие | E12: Легковая серая, с прицепом | F12: дрова под тентом | I12: 826398429_1_20260603T195005Z.jpg | J12: C:\ВИДЕОНАБЛЮДЕНИЕ\6 На контейнеры\ | K12: 6 Площадка 1 общага\826398429_1_20260603T195005Z.jpg | L12: ср 03.06.2026 — 19:50:05 | M12: =HYPERLINK(склад2въезд131920[[#This Row],[RelativePath]]) -> 6 Площадка 1 общага\826398429_1_20260603T195005Z.jpg
A13: ср | B13: 46176 | C13: 0.83900463 | D13: Фиксация в кадре | E13: Автотранспорт | I13: 826398429_1_20260603T200810Z.jpg | J13: C:\ВИДЕОНАБЛЮДЕНИЕ\6 На контейнеры\ | K13: 6 Площадка 1 общага\826398429_1_20260603T200810Z.jpg | L13: ср 03.06.2026 — 20:08:10 | M13: =HYPERLINK(склад2въезд131920[[#This Row],[RelativePath]]) -> 6 Площадка 1 общага\826398429_1_20260603T200810Z.jpg
A14: чт | B14: 46177 | C14: 0.56638889 | D14: без событий | E14: Территория, сотрудники | I14: 826398429_1_20260604T133536Z.jpg | J14: C:\ВИДЕОНАБЛЮДЕНИЕ\6 На контейнеры\ | K14: 6 Площадка 1 общага\826398429_1_20260604T133536Z.jpg | L14: чт 04.06.2026 — 13:35:36 | M14: =HYPERLINK(склад2въезд131920[[#This Row],[RelativePath]]) -> 6 Площадка 1 общага\826398429_1_20260604T133536Z.jpg
A15: чт | B15: 46177 | C15: 0.83292824 | D15: без событий | E15: Территория | I15: 826398429_1_20260604T195925Z.jpg | J15: C:\ВИДЕОНАБЛЮДЕНИЕ\6 На контейнеры\ | K15: 6 Площадка 1 общага\826398429_1_20260604T195925Z.jpg | L15: чт 04.06.2026 — 19:59:25 | M15: =HYPERLINK(склад2въезд131920[[#This Row],[RelativePath]]) -> 6 Площадка 1 общага\826398429_1_20260604T195925Z.jpg
A16: пт | B16: 46178 | C16: 0.82627315 | D16: без событий | E16: Территория | I16: 826398429_1_20260605T194950Z.jpg | J16: C:\ВИДЕОНАБЛЮДЕНИЕ\6 На контейнеры\ | K16: 6 Площадка 1 общага\826398429_1_20260605T194950Z.jpg | L16: пт 05.06.2026 — 19:49:50 | M16: =HYPERLINK(склад2въезд131920[[#This Row],[RelativePath]]) -> 6 Площадка 1 общага\826398429_1_20260605T194950Z.jpg
A17: сб | B17: 46179 | C17: 0.83108796 | D17: без событий | E17: Территория | I17: 826398429_1_20260606T195646Z.jpg | J17: C:\ВИДЕОНАБЛЮДЕНИЕ\6 На контейнеры\ | K17: 6 Площадка 1 общага\826398429_1_20260606T195646Z.jpg | L17: сб 06.06.2026 — 19:56:46 | M17: =HYPERLINK(склад2въезд131920[[#This Row],[RelativePath]]) -> 6 Площадка 1 общага\826398429_1_20260606T195646Z.jpg
A18: вс | B18: 46180 | C18: 0.62837963 | D18: Фиксация в кадре | E18: Сотрудник с тележкой | F18: дрова | I18: 826398429_1_20260607T150452Z.jpg | J18: C:\ВИДЕОНАБЛЮДЕНИЕ\6 На контейнеры\ | K18: 6 Площадка 1 общага\826398429_1_20260607T150452Z.jpg | L18: вс 07.06.2026 — 15:04:52 | M18: =HYPERLINK(склад2въезд131920[[#This Row],[RelativePath]]) -> 6 Площадка 1 общага\826398429_1_20260607T150452Z.jpg
A19: пн | B19: 46181 | C19: 0.80399306 | D19: без событий | E19: Территория | I19: 826398429_1_20260608T191745Z.jpg | J19: C:\ВИДЕОНАБЛЮДЕНИЕ\6 На контейнеры\ | K19: 6 Площадка 1 общага\826398429_1_20260608T191745Z.jpg | L19: пн 08.06.2026 — 19:17:45 | M19: =HYPERLINK(склад2въезд131920[[#This Row],[RelativePath]]) -> 6 Площадка 1 общага\826398429_1_20260608T191745Z.jpg
A20: вт | B20: 46182 | C20: 0.84041667 | D20: без событий | E20: Территория | I20: 826398429_1_20260609T201012Z.jpg | J20: C:\ВИДЕОНАБЛЮДЕНИЕ\6 На контейнеры\ | K20: 6 Площадка 1 общага\826398429_1_20260609T201012Z.jpg | L20: вт 09.06.2026 — 20:10:12 | M20: =HYPERLINK(склад2въезд131920[[#This Row],[RelativePath]]) -> 6 Площадка 1 общага\826398429_1_20260609T201012Z.jpg
A21: ср | B21: 46183 | C21: 0.61760417 | D21: без событий | E21: Территория | I21: 826398429_1_20260610T144921Z.jpg | J21: C:\ВИДЕОНАБЛЮДЕНИЕ\6 На контейнеры\ | K21: 6 Площадка 1 общага\826398429_1_20260610T144921Z.jpg | L21: ср 10.06.2026 — 14:49:21 | M21: =HYPERLINK(склад2въезд131920[[#This Row],[RelativePath]]) -> 6 Площадка 1 общага\826398429_1_20260610T144921Z.jpg
A22: ср | B22: 46183 | C22: 0.71859954 | D22: без событий | E22: Территория | I22: 826398429_1_20260610T171447Z.jpg | J22: C:\ВИДЕОНАБЛЮДЕНИЕ\6 На контейнеры\ | K22: 6 Площадка 1 общага\826398429_1_20260610T171447Z.jpg | L22: ср 10.06.2026 — 17:14:47 | M22: =HYPERLINK(склад2въезд131920[[#This Row],[RelativePath]]) -> 6 Площадка 1 общага\826398429_1_20260610T171447Z.jpg
A23: чт | B23: 46184 | C23: 0.76550926 | D23: без событий | E23: Территория | I23: 826398429_1_20260611T182220Z.jpg | J23: C:\ВИДЕОНАБЛЮДЕНИЕ\6 На контейнеры\ | K23: 6 Площадка 1 общага\826398429_1_20260611T182220Z.jpg | L23: чт 11.06.2026 — 18:22:20 | M23: =HYPERLINK(склад2въезд131920[[#This Row],[RelativePath]]) -> 6 Площадка 1 общага\826398429_1_20260611T182220Z.jpg
A24: пт | B24: 46185 | C24: 0.92274306 | D24: без событий | E24: Территория, сотрудник | I24: 826398429_1_20260612T220845Z.jpg | J24: C:\ВИДЕОНАБЛЮДЕНИЕ\6 На контейнеры\ | K24: 6 Площадка 1 общага\826398429_1_20260612T220845Z.jpg | L24: пт 12.06.2026 — 22:08:45 | M24: =HYPERLINK(склад2въезд131920[[#This Row],[RelativePath]]) -> 6 Площадка 1 общага\826398429_1_20260612T220845Z.jpg
A25: сб | B25: 46186 | C25: 0.32476852 | D25: без событий | E25: Территория, сотрудники | I25: 826398429_1_20260613T074740Z.jpg | J25: C:\ВИДЕОНАБЛЮДЕНИЕ\6 На контейнеры\ | K25: 6 Площадка 1 общага\826398429_1_20260613T074740Z.jpg | L25: сб 13.06.2026 — 07:47:40 | M25: =HYPERLINK(склад2въезд131920[[#This Row],[RelativePath]]) -> 6 Площадка 1 общага\826398429_1_20260613T074740Z.jpg
A26: сб | B26: 46186 | C26: 0.69751157 | D26: Работа на площадке | E26: Территория | I26: 826398429_1_20260613T164425Z.jpg | J26: C:\ВИДЕОНАБЛЮДЕНИЕ\6 На контейнеры\ | K26: 6 Площадка 1 общага\826398429_1_20260613T164425Z.jpg | L26: сб 13.06.2026 — 16:44:25 | M26: =HYPERLINK(склад2въезд131920[[#This Row],[RelativePath]]) -> 6 Площадка 1 общага\826398429_1_20260613T164425Z.jpg
A27: вс | B27: 46187 | C27: 0.61663194 | D27: Работа на площадке | E27: Территория | I27: 826398429_1_20260614T144757Z.jpg | J27: C:\ВИДЕОНАБЛЮДЕНИЕ\6 На контейнеры\ | K27: 6 Площадка 1 общага\826398429_1_20260614T144757Z.jpg | L27: вс 14.06.2026 — 14:47:57 | M27: =HYPERLINK(склад2въезд131920[[#This Row],[RelativePath]]) -> 6 Площадка 1 общага\826398429_1_20260614T144757Z.jpg
